granule_id,mgrs_tile,date,source_granule_id,cloud_cover,spatial_cover,LaSRC_version,mean_view_zenith_angle,mean_view_azimuth_angle,mean_sun_zenith_angle,mean_sun_azimuth_angle,,,,,,,,,,,,,,,
HLS.L30.T05WMR.2021272T215526.v2.0,05WMR,2021-09-29,LC08_L1TP_076012_20210929_20211013_02_T1,3,94,LaSRCv3.0.5,3,246,71,177,,,,,,,,,,,,,,,
HLS.L30.T05WMR.2022101T214233.v2.0,05WMR,2022-04-11,LC08_L1TP_074012_20220411_20220412_02_RT,0,60,LaSRCv3.0.5,5.60454689,114.566789,59.64888373,170.6665322,,,,,,,,,,,,,,,
HLS.L30.T05WMR.2022116T214840.v2.0,05WMR,2022-04-26,LC09_L1TP_075012_20220426_20220427_02_T1,10,100,LaSRCv3.0.5,3.09315482,150.9192834,54.44097356,172.446438,,,,,,,,,,,,,,,
HLS.L30.T05WMR.2022139T215435.v2.0,05WMR,2022-05-19,LC09_L1TP_076012_20220519_20220519_02_T1,9,98,LaSRCv3.0.5,3.36581781,254.808037,48.19810762,174.2327068,,,,,,,,,,,,,,,
HLS.L30.T05WMR.2022141T214214.v2.0,05WMR,2022-05-21,LC09_L1TP_074012_20220521_20220522_02_T1,8,58,LaSRCv3.0.5,5.690714,113.7858956,47.85199323,170.9689871,,,,,,,,,,,,,,,
HLS.L30.T10TDT.2021245T190204.v2.0,10TDT,2021-09-02,LC08_L1TP_047027_20210902_20210910_02_T1,1,100,LaSRCv3.0.5,2.72802616,163.3451052,42.581212,153.1672654,,,,,,,,,,,,,,,
HLS.L30.T10TDT.2022200T190206.v2.0,10TDT,2022-07-19,LC08_L1TP_047027_20220719_20220720_02_RT,5,100,LaSRCv3.0.5,2.72154192,163.8417174,31.00778571,142.3730383,,,,,,,,,,,,,,,
HLS.L30.T10TER.2021062T185600.v2.0,10TER,2021-03-03,LC08_L1TP_046028_20210303_20210312_02_T1,6,100,LaSRCv3.0.5,2.86059699,217.5883618,55.42642487,154.1125492,,,,,,,,,,,,,,,
HLS.L30.T10TER.2021110T185541.v2.0,10TER,2021-04-20,LC08_L1TP_046028_20210420_20210430_02_T1,1,100,LaSRCv3.0.5,2.94592027,221.6730157,37.10127778,149.8193194,,,,,,,,,,,,,,,
HLS.L30.T10TER.2021190T185557.v2.0,10TER,2021-07-09,LC08_L1TP_046028_20210709_20210720_02_T1,10,100,LaSRCv3.0.5,2.8136791,215.079128,28.25397872,138.9972459,,,,,,,,,,,,,,,
HLS.L30.T10TER.2022097T185550.v2.0,10TER,2022-04-07,LC08_L1TP_046028_20220407_20220407_02_RT,1,100,LaSRCv3.0.5,2.98608682,223.4698411,41.82278469,151.3033255,,,,,,,,,,,,,,,
HLS.L30.T10TER.2022177T185617.v2.0,10TER,2022-06-26,LC08_L1TP_046028_20220626_20220627_02_RT,0,100,LaSRCv3.0.5,2.88852272,219.0156978,27.00758476,138.9977671,,,,,,,,,,,,,,,
HLS.L30.T10TER.2022217T185610.v2.0,10TER,2022-08-05,LC09_L1TP_046028_20220805_20220805_02_T1,0,100,LaSRCv3.0.5,2.87162611,220.2187797,33.12850669,143.756337,,,,,,,,,,,,,,,
HLS.L30.T10VFK.2022063T190450.v2.0,10VFK,2022-03-04,LC08_L1TP_048019_20220304_20220305_02_RT,3,95,LaSRCv3.0.5,3.26497766,141.6091589,65.8014358,161.3889463,,,,,,,,,,,,,,,
HLS.L30.T10VFK.2022103T190441.v2.0,10VFK,2022-04-13,LC09_L1TP_048019_20220413_20220414_02_T1,3,99,LaSRCv3.0.5,3.21578642,143.8590906,50.08498728,161.5115385,,,,,,,,,,,,,,,
HLS.L30.T10VFK.2022230T191132.v2.0,10VFK,2022-08-18,LC08_L1TP_049019_20220818_20220823_02_T1,0,85,LaSRCv3.0.5,4.39375972,276.1966917,46.38280759,161.6294382,,,,,,,,,,,,,,,
HLS.L30.T10VFK.2022263T190509.v2.0,10VFK,2022-09-20,LC09_L1TP_048019_20220920_20220920_02_T1,1,100,LaSRCv3.0.5,3.34257451,139.6155961,58.07450987,165.3928961,,,,,,,,,,,,,,,
HLS.L30.T11SLU.2021011T182832.v2.0,11SLU,2021-01-11,LC08_L1TP_041036_20210111_20210308_02_T1,3,100,LaSRCv3.0.5,3.24236775,138.742059,60.6660425,154.8650833,,,,,,,,,,,,,,,
HLS.L30.T11SLU.2021091T182806.v2.0,11SLU,2021-04-01,LC08_L1TP_041036_20210401_20210409_02_T1,9,100,LaSRCv3.0.5,3,142,36,140,,,,,,,,,,,,,,,
HLS.L30.T11SLU.2021123T182750.v2.0,11SLU,2021-05-03,LC08_L1TP_041036_20210503_20210508_02_T1,0,100,LaSRCv3.0.5,3.07324457,145.0443249,26.52413182,130.003373,,,,,,,,,,,,,,,
HLS.L30.T11SLU.2021171T182811.v2.0,11SLU,2021-06-20,LC08_L1TP_041036_20210620_20210629_02_T1,0,100,LaSRCv3.0.5,3.15647248,141.9234631,22.19953402,114.7224896,,,,,,,,,,,,,,,
HLS.L30.T11SLU.2021251T182835.v2.0,11SLU,2021-09-08,LC08_L1TP_041036_20210908_20210916_02_T1,2,100,LaSRCv3.0.5,3.2238132,139.41035,35.08168063,142.00941,,,,,,,,,,,,,,,
HLS.L30.T11SLU.2021283T182844.v2.0,11SLU,2021-10-10,LC08_L1TP_041036_20211010_20211019_02_T1,0,100,LaSRCv3.0.5,3.156433,141.9110136,45.04835664,154.1359747,,,,,,,,,,,,,,,
HLS.L30.T11SLU.2022038T182835.v2.0,11SLU,2022-02-07,LC09_L1TP_041036_20220207_20220207_02_T1,2,100,LaSRCv3.0.5,3.13155712,143.9980375,55.23176908,150.2600445,,,,,,,,,,,,,,,
HLS.L30.T11SLU.2022126T182811.v2.0,11SLU,2022-05-06,LC08_L1TP_041036_20220506_20220507_02_RT,0,100,LaSRCv3.0.5,3.16004491,141.7592214,25.84584015,129.0494048,,,,,,,,,,,,,,,
HLS.L30.T11SLU.2022158T182825.v2.0,11SLU,2022-06-07,LC08_L1TP_041036_20220607_20220608_02_RT,0,100,LaSRCv3.0.5,3.1459896,142.2942069,22.02915348,117.1557983,,,,,,,,,,,,,,,
HLS.L30.T11SLU.2022206T182841.v2.0,11SLU,2022-07-25,LC08_L1TP_041036_20220725_20220725_02_RT,8,100,LaSRCv3.0.5,3.1661914,141.5369049,25.43012109,120.7228351,,,,,,,,,,,,,,,
HLS.L30.T11SLU.2022238T182852.v2.0,11SLU,2022-08-26,LC08_L1TP_041036_20220826_20220826_02_RT,0,100,LaSRCv3.0.5,3.12950683,142.9000978,31.57612701,135.7092353,,,,,,,,,,,,,,,
HLS.L30.T11SLU.2022246T182833.v2.0,11SLU,2022-09-03,LC09_L1TP_041036_20220903_20220903_02_T1,1,100,LaSRCv3.0.5,3.20598768,141.3147448,33.65646544,139.5164171,,,,,,,,,,,,,,,
HLS.L30.T11SLU.2022278T182840.v2.0,11SLU,2022-10-05,LC09_L1TP_041036_20221005_20221005_02_T1,0,100,LaSRCv3.0.5,3.22532525,140.6097998,43.33659533,152.5641838,,,,,,,,,,,,,,,
HLS.L30.T11SLU.2022318T182853.v2.0,11SLU,2022-11-14,LC08_L1TP_041036_20221114_20221114_02_RT,4,100,LaSRCv3.0.5,3.16001577,141.7627207,55.6348023,159.797434,,,,,,,,,,,,,,,
HLS.L30.T11SLU.2022326T182847.v2.0,11SLU,2022-11-22,LC09_L1TP_041036_20221122_20221122_02_T1,5,100,LaSRCv3.0.5,3.18464718,142.115138,57.55791671,159.9823567,,,,,,,,,,,,,,,
HLS.L30.T11SLU.2022358T182843.v2.0,11SLU,2022-12-24,LC09_L1TP_041036_20221224_20221225_02_T1,9,100,LaSRCv3.0.5,3.22636745,140.5759862,61.56433698,157.7002611,,,,,,,,,,,,,,,
HLS.L30.T11SPV.2021125T181503.v2.0,11SPV,2021-05-05,LC08_L1TP_039035_20210505_20210517_02_T1,0,100,LaSRCv3.0.5,3.26117842,138.7300341,26.56081536,130.845055,,,,,,,,,,,,,,,
HLS.L30.T11SPV.2021285T181559.v2.0,11SPV,2021-10-12,LC08_L1TP_039035_20211012_20211019_02_T1,1,100,LaSRCv3.0.5,3.34214761,135.887531,46.46656205,155.2313456,,,,,,,,,,,,,,,
HLS.L30.T11SPV.2022040T181548.v2.0,11SPV,2022-02-09,LC09_L1TP_039035_20220209_20220209_02_T1,3,100,LaSRCv3.0.5,3,138,55,150,,,,,,,,,,,,,,,
HLS.L30.T11SPV.2022160T181541.v2.0,11SPV,2022-06-09,LC08_L1TP_039035_20220609_20220609_02_RT,1,100,LaSRCv3.0.5,3.32770955,136.4250351,22.30530474,118.8318319,,,,,,,,,,,,,,,
HLS.L30.T11SPV.2022200T181527.v2.0,11SPV,2022-07-19,LC09_L1TP_039035_20220719_20220719_02_T1,2,100,LaSRCv3.0.5,3.43706912,133.8694795,25.02817227,120.3492201,,,,,,,,,,,,,,,
HLS.L30.T11SPV.2022240T181606.v2.0,11SPV,2022-08-28,LC08_L1TP_039035_20220828_20220828_02_RT,1,100,LaSRCv3.0.5,3.3298728,136.3154827,32.64679782,137.8798359,,,,,,,,,,,,,,,
HLS.L30.T11SPV.2022280T181556.v2.0,11SPV,2022-10-07,LC09_L1TP_039035_20221007_20221007_02_T1,0,100,LaSRCv3.0.5,3.41707999,134.5315103,44.7382959,153.7819101,,,,,,,,,,,,,,,
HLS.L30.T11SPV.2022320T181606.v2.0,11SPV,2022-11-16,LC08_L1TP_039035_20221116_20221116_02_RT,3,100,LaSRCv3.0.5,3.378024,134.6901155,56.9452253,160.2368911,,,,,,,,,,,,,,,
HLS.L30.T12RZP.2021003T174132.v2.0,12RZP,2021-01-03,LC08_L1TP_033042_20210103_20210308_02_T1,2,61,LaSRCv3.0.5,5.4208738,279.4304901,53.5225585,152.8391085,,,,,,,,,,,,,,,
HLS.L30.T12RZP.2021028T173514.v2.0,12RZP,2021-01-28,LC08_L1TP_032042_20210128_20210305_02_T1,0,70,LaSRCv3.0.5,4.98555405,106.0367055,50.80465052,146.5117212,,,,,,,,,,,,,,,
HLS.L30.T12RZP.2021083T174105.v2.0,12RZP,2021-03-24,LC08_L1TP_033042_20210324_20210402_02_T1,2,61,LaSRCv3.0.5,5.42645345,279.4279916,33.26736775,132.3486492,,,,,,,,,,,,,,,
HLS.L30.T12RZP.2021108T173445.v2.0,12RZP,2021-04-18,LC08_L1TP_032042_20210418_20210424_02_T1,1,74,LaSRCv3.0.5,5,106,26,119,,,,,,,,,,,,,,,
HLS.L30.T12RZP.2021268T173525.v2.0,12RZP,2021-09-25,LC08_L1TP_032042_20210925_20211001_02_T1,3,71,LaSRCv3.0.5,4.94192479,106.1432225,33.79050102,139.2346529,,,,,,,,,,,,,,,
HLS.L30.T12RZP.2021323T174136.v2.0,12RZP,2021-11-19,LC08_L1TP_033042_20211119_20211119_02_RT,0,62,LaSRCv3.0.5,5.40272749,279.4310499,48.81512637,156.4426317,,,,,,,,,,,,,,,
HLS.L30.T12RZP.2022038T174124.v2.0,12RZP,2022-02-07,LC08_L1TP_033042_20220207_20220207_02_RT,1,60,LaSRCv3.0.5,5.43742,279.4310642,47.98755954,145.5095834,,,,,,,,,,,,,,,
HLS.L30.T12RZP.2022078T174116.v2.0,12RZP,2022-03-19,LC09_L1TP_033042_20220319_20220322_02_T1,0,60,LaSRCv3.0.5,5.45217685,279.9118993,35.05540067,134.3061391,,,,,,,,,,,,,,,
HLS.L30.T12RZP.2022103T173458.v2.0,12RZP,2022-04-13,LC09_L1TP_032042_20220413_20220414_02_T1,3,74,LaSRCv3.0.5,4.86303074,105.2856512,27.83565443,121.9208242,,,,,,,,,,,,,,,
HLS.L30.T12RZP.2022118T174101.v2.0,12RZP,2022-04-28,LC08_L1TP_033042_20220428_20220428_02_RT,0,61,LaSRCv3.0.5,5.43135306,279.47014,23.37074094,115.0160033,,,,,,,,,,,,,,,
HLS.L30.T12RZP.2022143T173502.v2.0,12RZP,2022-05-23,LC08_L1TP_032042_20220523_20220523_02_RT,0,72,LaSRCv3.0.5,4.9180839,106.201433,21.44356393,98.71911105,,,,,,,,,,,,,,,
HLS.L30.T12RZP.2022303T173544.v2.0,12RZP,2022-10-30,LC08_L1TP_032042_20221030_20221030_02_RT,0,74,LaSRCv3.0.5,4.81491035,106.2822808,43.81841129,152.4441779,,,,,,,,,,,,,,,
HLS.L30.T12RZP.2022358T174140.v2.0,12RZP,2022-12-24,LC08_L1TP_033042_20221224_20221224_02_RT,0,61,LaSRCv3.0.5,5.42297174,279.423075,53.59876528,154.5353547,,,,,,,,,,,,,,,
HLS.L30.T12WXS.2021096T183815.v2.0,12WXS,2021-04-06,LC08_L1TP_044015_20210406_20210415_02_T1,4,78,LaSRCv3.0.5,4.523955,283.0653007,58.03642164,169.3926108,,,,,,,,,,,,,,,
HLS.L30.T12WXS.2021146T182551.v2.0,12WXS,2021-05-26,LC08_L1TP_042015_20210526_20210529_02_T1,7,63,LaSRCv3.0.5,5.42199379,112.5239364,43.62311018,166.1728711,,,,,,,,,,,,,,,
HLS.L30.T12WXS.2021176T183759.v2.0,12WXS,2021-06-25,LC08_L1TP_044014_20210625_20210707_02_T1,0,83,LaSRCv3.0.5,4.4890363,281.053244,41.50142494,167.381906,,,,,,,,,,,,,,,
HLS.L30.T12WXS.2022076T183150.v2.0,12WXS,2022-03-17,LC08_L1TP_043014_20220317_20220317_02_RT,1,100,LaSRCv3.0.5,2.58445871,179.2493874,66.10727245,167.0772828,,,,,,,,,,,,,,,
HLS.L30.T12WXS.2022107T183756.v2.0,12WXS,2022-04-17,LC09_L1TP_044014_20220417_20220418_02_T1,0,81,LaSRCv3.0.5,4.6091768,284.7861372,54.08616127,169.9029965,,,,,,,,,,,,,,,
HLS.L30.T12WXS.2022109T182556.v2.0,12WXS,2022-04-19,LC09_L1TP_042015_20220419_20220419_02_T1,3,66,LaSRCv3.0.5,5.33339267,111.9310104,53.52148775,166.9252767,,,,,,,,,,,,,,,
HLS.L30.T12WXS.2022117T182554.v2.0,12WXS,2022-04-27,LC08_L1TP_042015_20220427_20220427_02_RT,0,62,LaSRCv3.0.5,5.44812854,112.4703339,50.84556946,167.0817866,,,,,,,,,,,,,,,
HLS.L30.T12WXS.2022124T183146.v2.0,12WXS,2022-05-04,LC08_L1TP_043014_20220504_20220504_02_RT,4,100,LaSRCv3.0.5,2.62853686,174.6157239,48.66183606,168.5204712,,,,,,,,,,,,,,,
HLS.L30.T12WXS.2022221T182618.v2.0,12WXS,2022-08-09,LC09_L1TP_042015_20220809_20220809_02_T1,2,63,LaSRCv3.0.5,5.44228008,111.8710625,49.36840251,164.4751546,,,,,,,,,,,,,,,
HLS.L30.T12XXF.2021188T190021.v2.0,12XXF,2021-07-07,LC08_L1TP_048008_20210707_20210713_02_T1,2,96,LaSRCv3.0.5,3.63015462,136.9849684,49.96149917,177.082564,,,,,,,,,,,,,,,
HLS.L30.T12XXF.2021259T190655.v2.0,12XXF,2021-09-16,LC08_L1TP_049008_20210916_20210925_02_T1,3,96,LaSRCv3.0.5,2.52559023,211.5759101,70.12528588,181.8306045,,,,,,,,,,,,,,,
HLS.L30.T12XXF.2021261T185457.v2.0,12XXF,2021-09-18,LC08_L1TP_047009_20210918_20210925_02_T1,2,56,LaSRCv3.0.5,5.64993279,119.1612479,70.80854325,179.3743202,,,,,,,,,,,,,,,
HLS.L30.T12XXF.2022093T191233.v2.0,12XXF,2022-04-03,LC08_L1TP_050008_20220403_20220404_02_RT,1,87,LaSRCv3.0.5,4.38695659,286.6555469,66.9699364,180.8774498,,,,,,,,,,,,,,,
HLS.L30.T12XXF.2022095T190013.v2.0,12XXF,2022-04-05,LC08_L1TP_048008_20220405_20220405_02_RT,0,98,LaSRCv3.0.5,3.43672345,142.2078986,66.16979103,177.9623384,,,,,,,,,,,,,,,
HLS.L30.T12XXF.2022120T185426.v2.0,12XXF,2022-04-30,LC08_L1TP_047009_20220430_20220501_02_RT,0,59,LaSRCv3.0.5,5.63934154,119.2385758,57.44325534,178.3254562,,,,,,,,,,,,,,,
HLS.L30.T12XXF.2022166T190648.v2.0,12XXF,2022-06-15,LC08_L1TP_049008_20220615_20220615_02_RT,1,100,LaSRCv3.0.5,2.54433591,214.0958032,49.12093032,180.2759043,,,,,,,,,,,,,,,
HLS.L30.T12XXF.2022191T190041.v2.0,12XXF,2022-07-10,LC08_L1TP_048008_20220710_20220710_02_RT,6,97,LaSRCv3.0.5,3.61664174,137.3672423,50.29796092,177.0509729,,,,,,,,,,,,,,,
HLS.L30.T12XXF.2022239T190059.v2.0,12XXF,2022-08-27,LC08_L1TP_048008_20220827_20220827_02_RT,2,96,LaSRCv3.0.5,3.57391324,138.1526374,62.58028086,178.4469812,,,,,,,,,,,,,,,
HLS.L30.T12XXF.2022240T185454.v2.0,12XXF,2022-08-28,LC09_L1TP_047009_20220828_20220828_02_T1,5,59,LaSRCv3.0.5,5.66376109,118.6483801,62.88280923,177.3849162,,,,,,,,,,,,,,,
HLS.L30.T13QGA.2021064T171219.v2.0,13QGA,2021-03-05,LC08_L1TP_028047_20210305_20210312_02_T1,0,99,LaSRCv3.0.5,3.43316296,130.6973201,36.24819408,129.4373948,,,,,,,,,,,,,,,
HLS.L30.T13QGA.2021144T171203.v2.0,13QGA,2021-05-24,LC08_L1TP_028047_20210524_20210529_02_T1,0,100,LaSRCv3.0.5,3.29663237,135.6797889,22.49115716,79.86382561,,,,,,,,,,,,,,,
HLS.L30.T13QGA.2022059T171224.v2.0,13QGA,2022-02-28,LC09_L1TP_028047_20220228_20220228_02_T1,0,99,LaSRCv3.0.5,3.4904975,130.0917737,37.81054959,131.5807771,,,,,,,,,,,,,,,
HLS.L30.T13QGA.2022099T171210.v2.0,13QGA,2022-04-09,LC08_L1TP_028047_20220409_20220409_02_RT,7,100,LaSRCv3.0.5,3.18447149,139.6590903,26.46956314,110.6124294,,,,,,,,,,,,,,,
HLS.L30.T13QGA.2022139T171152.v2.0,13QGA,2022-05-19,LC09_L1TP_028047_20220519_20220519_02_T1,2,100,LaSRCv3.0.5,3,136,22,83,,,,,,,,,,,,,,,
HLS.L30.T13QGA.2022339T171255.v2.0,13QGA,2022-12-05,LC08_L1TP_028047_20221205_20221205_02_RT,0,100,LaSRCv3.0.5,3.30618604,135.349617,46.21201777,151.3431096,,,,,,,,,,,,,,,
HLS.L30.T13REN.2021085T172731.v2.0,13REN,2021-03-26,LC08_L1TP_031039_20210326_20210402_02_T1,5,100,LaSRCv3.0.5,2.7342774,161.9616011,35.13910234,135.3824781,,,,,,,,,,,,,,,
HLS.L30.T13REN.2022040T172750.v2.0,13REN,2022-02-09,LC08_L1TP_031039_20220209_20220209_02_RT,0,100,LaSRCv3.0.5,2.73470797,161.9454093,50.5010111,146.7030978,,,,,,,,,,,,,,,
HLS.L30.T13REN.2022120T172730.v2.0,13REN,2022-04-30,LC08_L1TP_031039_20220430_20220501_02_RT,0,100,LaSRCv3.0.5,2.73274764,162.0522688,24.72265108,120.9435568,,,,,,,,,,,,,,,
HLS.L30.T13REN.2022160T172715.v2.0,13REN,2022-06-09,LC09_L1TP_031039_20220609_20220610_02_T1,3,100,LaSRCv3.0.5,2.76084419,161.4886374,21.03541057,102.3606002,,,,,,,,,,,,,,,
HLS.L30.T13REN.2022200T172800.v2.0,13REN,2022-07-19,LC08_L1TP_031039_20220719_20220719_02_RT,0,100,LaSRCv3.0.5,2.7420967,161.4127462,23.28069803,106.1275452,,,,,,,,,,,,,,,
HLS.L30.T13REN.2022320T172812.v2.0,13REN,2022-11-16,LC09_L1TP_031039_20221116_20221116_02_T1,0,100,LaSRCv3.0.5,3,164,51,157,,,,,,,,,,,,,,,
HLS.L30.T13REN.2022360T172807.v2.0,13REN,2022-12-26,LC08_L1TP_031039_20221226_20221226_02_RT,0,100,LaSRCv3.0.5,2.7367749,161.7689058,56.94996497,155.2277656,,,,,,,,,,,,,,,
HLS.L30.T13SGT.2021030T172029.v2.0,13SGT,2021-01-30,LC08_L1TP_030036_20210130_20210302_02_T1,0,76,LaSRCv3.0.5,4.70046482,106.9014582,56.62400416,150.8254177,,,,,,,,,,,,,,,
HLS.L30.T13SGT.2021085T172619.v2.0,13SGT,2021-03-26,LC08_L1TP_031036_20210326_20210402_02_T1,0,66,LaSRCv3.0.5,5.18760095,279.7551569,37.58656689,141.7633188,,,,,,,,,,,,,,,
HLS.L30.T13SGT.2021165T172621.v2.0,13SGT,2021-06-14,LC08_L1TP_031036_20210614_20210622_02_T1,0,65,LaSRCv3.0.5,5.23805868,279.8099275,21.11779137,114.504293,,,,,,,,,,,,,,,
HLS.L30.T13SGT.2021190T172015.v2.0,13SGT,2021-07-09,LC08_L1TP_030036_20210709_20210720_02_T1,0,76,LaSRCv3.0.5,4.70315809,106.9422702,23.49970296,113.3151865,,,,,,,,,,,,,,,
HLS.L30.T13SGT.2021350T172041.v2.0,13SGT,2021-12-16,LC08_L1TP_030036_20211216_20211216_02_RT,10,77,LaSRCv3.0.5,4.65979415,106.7746815,60.47519174,157.9617616,,,,,,,,,,,,,,,
HLS.L30.T13SGT.2022025T172037.v2.0,13SGT,2022-01-25,LC09_L1TP_030036_20220125_20220125_02_T1,1,78,LaSRCv3.0.5,4.64958214,105.7301399,57.7725138,151.8011699,,,,,,,,,,,,,,,
HLS.L30.T13SGT.2022040T172638.v2.0,13SGT,2022-02-09,LC08_L1TP_031036_20220209_20220209_02_RT,0,66,LaSRCv3.0.5,5,280,54,150,,,,,,,,,,,,,,,
HLS.L30.T13SGT.2022105T172011.v2.0,13SGT,2022-04-15,LC09_L1TP_030036_20220415_20220415_02_T1,0,79,LaSRCv3.0.5,5,106,31,135,,,,,,,,,,,,,,,
HLS.L30.T13SGT.2022120T172618.v2.0,13SGT,2022-04-30,LC08_L1TP_031036_20220430_20220501_02_RT,0,66,LaSRCv3.0.5,5.17097732,279.789084,26.23791133,131.2429786,,,,,,,,,,,,,,,
HLS.L30.T13SGT.2022240T172646.v2.0,13SGT,2022-08-28,LC09_L1TP_031036_20220828_20220828_02_T1,0,66,LaSRCv3.0.5,5.19155281,280.3273601,31.03330256,136.7063594,,,,,,,,,,,,,,,
HLS.L30.T13SGT.2022265T172041.v2.0,13SGT,2022-09-22,LC09_L1TP_030036_20220922_20220922_02_T1,0,78,LaSRCv3.0.5,4.67695513,105.7697954,38.56124183,146.6462491,,,,,,,,,,,,,,,
HLS.L30.T13SGT.2022305T172059.v2.0,13SGT,2022-11-01,LC08_L1TP_030036_20221101_20221101_02_RT,7,79,LaSRCv3.0.5,4.55627803,106.7006418,51.23294767,157.8173202,,,,,,,,,,,,,,,
HLS.L30.T13TDL.2021161T174752.v2.0,13TDL,2021-06-10,LC08_L1TP_035028_20210610_20210621_02_T1,0,100,LaSRCv3.0.5,2.56085928,184.3231929,27.0315922,140.1215167,,,,,,,,,,,,,,,
HLS.L30.T13TDL.2021241T174816.v2.0,13TDL,2021-08-29,LC08_L1TP_035028_20210829_20210909_02_T1,0,100,LaSRCv3.0.5,2.56732157,181.4467866,39.84448197,150.4392155,,,,,,,,,,,,,,,
HLS.L30.T13TDL.2022204T174801.v2.0,13TDL,2022-07-23,LC09_L1TP_035028_20220723_20220723_02_T1,1,100,LaSRCv3.0.5,2.56342366,183.4933637,30.51451573,140.3288609,,,,,,,,,,,,,,,
HLS.L30.T13TDL.2022316T174832.v2.0,13TDL,2022-11-12,LC09_L1TP_035028_20221112_20221112_02_T1,2,99,LaSRCv3.0.5,2.56114827,185.628393,64.72754937,164.7732201,,,,,,,,,,,,,,,
HLS.L30.T13TDL.2022324T174835.v2.0,13TDL,2022-11-20,LC08_L1TP_035028_20221120_20221120_02_RT,1,97,LaSRCv3.0.5,2.55730072,184.8031233,66.72747325,164.8323767,,,,,,,,,,,,,,,
HLS.L30.T14SPG.2021304T170737.v2.0,14SPG,2021-10-31,LC08_L1TP_028034_20211031_20211031_02_RT,0,100,LaSRCv3.0.5,2.74026217,208.8008806,53.97877802,160.4284916,,,,,,,,,,,,,,,
HLS.L30.T14SPG.2022099T170700.v2.0,14SPG,2022-04-09,LC08_L1TP_028034_20220409_20220409_02_RT,0,100,LaSRCv3.0.5,2.84323602,215.0465106,35.2070483,142.2228698,,,,,,,,,,,,,,,
HLS.L30.T14SPG.2022299T170738.v2.0,14SPG,2022-10-26,LC09_L1TP_028034_20221026_20221026_02_T1,6,100,LaSRCv3.0.5,2.72654377,209.9549669,52.33725377,159.7279399,,,,,,,,,,,,,,,
HLS.L30.T14TNP.2021222T171741.v2.0,14TNP,2021-08-10,LC08_L1TP_030029_20210810_20210819_02_T1,1,100,LaSRCv3.0.5,3,204,33,143,,,,,,,,,,,,,,,
HLS.L30.T14TNP.2021270T171753.v2.0,14TNP,2021-09-27,LC08_L1TP_030029_20210927_20211001_02_T1,0,100,LaSRCv3.0.5,2.66547061,204.5680208,48.00270514,157.5596286,,,,,,,,,,,,,,,
HLS.L30.T14TNP.2021302T171759.v2.0,14TNP,2021-10-29,LC08_L1TP_030029_20211029_20211108_02_T1,0,100,LaSRCv3.0.5,2.69089464,206.6110006,58.98669839,163.304475,,,,,,,,,,,,,,,
HLS.L30.T14TNP.2022057T171737.v2.0,14TNP,2022-02-26,LC09_L1TP_030029_20220226_20220226_02_T1,2,100,LaSRCv3.0.5,2.65488735,205.787199,55.99316637,153.3861449,,,,,,,,,,,,,,,
HLS.L30.T14TNP.2022065T171733.v2.0,14TNP,2022-03-06,LC08_L1TP_030029_20220306_20220306_02_RT,1,100,LaSRCv3.0.5,2.71381584,208.3397419,52.97772424,152.5922819,,,,,,,,,,,,,,,
HLS.L30.T14TNP.2022217T171740.v2.0,14TNP,2022-08-05,LC09_L1TP_030029_20220805_20220805_02_T1,0,100,LaSRCv3.0.5,2.68505575,208.2389358,31.95350738,141.0391693,,,,,,,,,,,,,,,
HLS.L30.T15QXV.2022002T162921.v2.0,15QXV,2022-01-02,LC08_L1TP_021047_20220102_20220102_02_RT,1,100,LaSRCv3.0.5,2.68368826,202.8682062,47.34207456,147.8373947,,,,,,,,,,,,,,,
HLS.L30.T15QZB.2022019T162247.v2.0,15QZB,2022-01-19,LC09_L1TP_020046_20220119_20220119_02_T1,5,100,LaSRCv3.0.5,2.6348734,200.6409627,47.38799686,145.2560142,,,,,,,,,,,,,,,
HLS.L30.T15SYV.2021285T163706.v2.0,15SYV,2021-10-12,LC08_L1TP_023035_20211012_20211019_02_T1,0,100,LaSRCv3.0.5,2.57869818,191.1363705,46.29845026,155.6913905,,,,,,,,,,,,,,,
HLS.L30.T15SYV.2022040T163655.v2.0,15SYV,2022-02-09,LC09_L1TP_023035_20220209_20220209_02_T1,1,100,LaSRCv3.0.5,2.57559961,193.186092,55.2375764,150.7876333,,,,,,,,,,,,,,,
HLS.L30.T15TVL.2021169T165828.v2.0,15TVL,2021-06-18,LC08_L1TP_027028_20210618_20210628_02_T1,0,100,LaSRCv3.0.5,3.24939455,139.4899314,27.07739361,138.3882979,,,,,,,,,,,,,,,
HLS.L30.T15TVL.2021224T170456.v2.0,15TVL,2021-08-12,LC08_L1TP_028028_20210812_20210819_02_T1,0,57,LaSRCv3.0.5,5.64989638,281.4936482,34.69592491,146.6801142,,,,,,,,,,,,,,,
HLS.L30.T15TVL.2021249T165852.v2.0,15TVL,2021-09-06,LC08_L1TP_027028_20210906_20210915_02_T1,0,100,LaSRCv3.0.5,3.307879,137.3329148,42.48709954,152.3615046,,,,,,,,,,,,,,,
HLS.L30.T15TVL.2021329T165858.v2.0,15TVL,2021-11-25,LC08_L1TP_027028_20211125_20211125_02_RT,2,100,LaSRCv3.0.5,3.27897589,138.3526442,67.92739511,164.3028735,,,,,,,,,,,,,,,
HLS.L30.T15TVL.2022019T170500.v2.0,15TVL,2022-01-19,LC08_L1TP_028028_20220119_20220119_02_RT,0,53,LaSRCv3.0.5,5.67804195,281.4742483,68.37104889,159.5020742,,,,,,,,,,,,,,,
HLS.L30.T15TVL.2022099T170436.v2.0,15TVL,2022-04-09,LC08_L1TP_028028_20220409_20220409_02_RT,0,51,LaSRCv3.0.5,5.89318059,281.5863774,40.95230222,151.950895,,,,,,,,,,,,,,,
HLS.L30.T15TVL.2022244T165851.v2.0,15TVL,2022-09-01,LC09_L1TP_027028_20220901_20220901_02_T1,0,100,LaSRCv3.0.5,3.28413902,139.4341014,40.81742168,150.7597286,,,,,,,,,,,,,,,
HLS.L30.T15TVL.2022284T165908.v2.0,15TVL,2022-10-11,LC08_L1TP_027028_20221011_20221011_02_RT,1,100,LaSRCv3.0.5,3,138,55,161,,,,,,,,,,,,,,,
HLS.L30.T15VUE.2021076T172546.v2.0,15VUE,2021-03-17,LC08_L1TP_032019_20210317_20210328_02_T1,0,100,LaSRCv3.0.5,2.8659001,156.0567791,60.54244105,161.5119387,,,,,,,,,,,,,,,
HLS.L30.T15VUE.2021140T172535.v2.0,15VUE,2021-05-20,LC08_L1TP_032019_20210520_20210528_02_T1,5,100,LaSRCv3.0.5,2.88490316,155.0881832,39.19119316,160.2216636,,,,,,,,,,,,,,,
HLS.L30.T15VUE.2021236T172607.v2.0,15VUE,2021-08-24,LC08_L1TP_032019_20210824_20210901_02_T1,1,100,LaSRCv3.0.5,2.92533761,153.1599807,48.54230575,160.9207532,,,,,,,,,,,,,,,
HLS.L30.T15VUE.2021243T173220.v2.0,15VUE,2021-08-31,LC08_L1TP_033019_20210831_20210909_02_T1,1,77,LaSRCv3.0.5,4.77419996,281.624851,50.72180232,163.8285894,,,,,,,,,,,,,,,
HLS.L30.T15VUE.2021275T173229.v2.0,15VUE,2021-10-02,LC08_L1TP_033019_20211002_20211013_02_T1,9,77,LaSRCv3.0.5,4.83498,282.0490827,62.51590404,168.9566185,,,,,,,,,,,,,,,
HLS.L30.T15VUE.2022063T172557.v2.0,15VUE,2022-03-04,LC08_L1TP_032019_20220304_20220305_02_RT,0,100,LaSRCv3.0.5,2.81507302,158.5043902,65.79796856,161.5960418,,,,,,,,,,,,,,,
HLS.L30.T15VUE.2022086T173153.v2.0,15VUE,2022-03-27,LC08_L1TP_033019_20220327_20220327_02_RT,0,75,LaSRCv3.0.5,4.88577213,282.8904362,56.45756452,163.1404457,,,,,,,,,,,,,,,
HLS.L30.T15VUE.2022095T172542.v2.0,15VUE,2022-04-05,LC08_L1TP_032019_20220405_20220406_02_RT,6,100,LaSRCv3.0.5,2.78247969,160.517276,53.09877176,161.6764645,,,,,,,,,,,,,,,
HLS.L30.T15VUE.2022110T173153.v2.0,15VUE,2022-04-20,LC09_L1TP_033019_20220420_20220420_02_T1,10,74,LaSRCv3.0.5,4.90114422,284.0110858,47.42037288,163.4003905,,,,,,,,,,,,,,,
HLS.L30.T15VUE.2022111T172545.v2.0,15VUE,2022-04-21,LC08_L1TP_032019_20220421_20220421_02_RT,0,100,LaSRCv3.0.5,2.8622749,156.2472511,47.24773277,161.685789,,,,,,,,,,,,,,,
HLS.L30.T15VUE.2022223T172627.v2.0,15VUE,2022-08-11,LC08_L1TP_032019_20220811_20220811_02_RT,2,100,LaSRCv3.0.5,2.85632439,156.5384938,44.46726755,158.9538201,,,,,,,,,,,,,,,
HLS.L30.T15VUE.2022231T172609.v2.0,15VUE,2022-08-19,LC09_L1TP_032019_20220819_20220819_02_T1,6,100,LaSRCv3.0.5,2.87671599,156.9061447,46.86850249,160.0619817,,,,,,,,,,,,,,,
HLS.L30.T15VUE.2022271T172635.v2.0,15VUE,2022-09-28,LC08_L1TP_032019_20220928_20220928_02_RT,2,100,LaSRCv3.0.5,2.84292559,157.266249,61.02267774,166.9331597,,,,,,,,,,,,,,,
HLS.L30.T17QRD.2022002T153908.v2.0,17QRD,2022-01-02,LC09_L1TP_013045_20220102_20220123_02_T1,1,52,LaSRCv3.0.5,5.82913774,280.42142,49.92519249,150.6265354,,,,,,,,,,,,,,,
HLS.L30.T17QRD.2022027T153257.v2.0,17QRD,2022-01-27,LC09_L1TP_012045_20220127_20220127_02_T1,6,76,LaSRCv3.0.5,4.74349769,104.5750012,47.73420754,143.8811247,,,,,,,,,,,,,,,
HLS.L30.T17RML.2021028T155557.v2.0,17RML,2021-01-28,LC08_L1TP_016041_20210128_20210305_02_T1,0,100,LaSRCv3.0.5,2.64568997,200.2366739,51.92274177,148.3724198,,,,,,,,,,,,,,,
HLS.L30.T17RML.2022343T155615.v2.0,17RML,2022-12-09,LC09_L1TP_016041_20221209_20221209_02_T1,0,100,LaSRCv3.0.5,2.66512477,204.1486343,54.13041966,156.5438471,,,,,,,,,,,,,,,
HLS.L30.T17SNC.2021291T155914.v2.0,17SNC,2021-10-18,LC08_L1TP_017033_20211018_20211026_02_T1,0,100,LaSRCv3.0.5,2.87239738,154.5857258,50.6929634,158.4212132,,,,,,,,,,,,,,,
HLS.L30.T17SNC.2022118T155833.v2.0,17SNC,2022-04-28,LC08_L1TP_017033_20220428_20220428_02_RT,6,100,LaSRCv3.0.5,2.92107174,152.1973827,29.89195296,138.16625,,,,,,,,,,,,,,,
HLS.L30.T17SPV.2021348T155346.v2.0,17SPV,2021-12-14,LC08_L1TP_016035_20211214_20211214_02_RT,0,100,LaSRCv3.0.5,2.63967783,200.4124611,61.71572878,159.594364,,,,,,,,,,,,,,,
HLS.L30.T17SPV.2022023T155341.v2.0,17SPV,2022-01-23,LC09_L1TP_016035_20220123_20220124_02_T1,7,99,LaSRCv3.0.5,2.64094862,202.926969,59.42698541,153.7553442,,,,,,,,,,,,,,,
HLS.L30.T17SPV.2022063T155326.v2.0,17SPV,2022-03-04,LC08_L1TP_016035_20220304_20220305_02_RT,0,100,LaSRCv3.0.5,2.66343904,202.6339782,47.5196059,147.0260638,,,,,,,,,,,,,,,
HLS.L30.T18HYF.2021003T144031.v2.0,18HYF,2021-01-03,LC08_L1TP_001084_20210103_20210308_02_T1,4,75,LaSRCv3.0.5,4.91642371,283.3665042,31.60252999,75.03378798,,,,,,,,,,,,,,,
HLS.L30.T18HYF.2021348T143425.v2.0,18HYF,2021-12-14,LC08_L1TP_233084_20211214_20211214_02_RT,1,76,LaSRCv3.0.5,4.76070398,101.8319195,30.38014243,74.57829291,,,,,,,,,,,,,,,
HLS.L30.T18HYF.2022023T143420.v2.0,18HYF,2022-01-23,LC09_L1TP_233084_20220123_20220123_02_T1,0,76,LaSRCv3.0.5,4.782364,100.8645039,35.84653822,72.63122145,,,,,,,,,,,,,,,
HLS.L30.T18HYF.2022063T143405.v2.0,18HYF,2022-03-04,LC08_L1TP_233084_20220304_20220304_02_RT,2,75,LaSRCv3.0.5,4.76857205,101.926856,44.44148735,57.27790252,,,,,,,,,,,,,,,
HLS.L30.T18HYF.2022103T143356.v2.0,18HYF,2022-04-13,LC09_L1TP_233084_20220413_20220413_02_T1,0,76,LaSRCv3.0.5,4.79699437,100.9000884,54.9484247,41.85874418,,,,,,,,,,,,,,,
HLS.L30.T18HYF.2022118T144000.v2.0,18HYF,2022-04-28,LC08_L1TP_001084_20220428_20220428_02_RT,0,73,LaSRCv3.0.5,5.02436072,283.5853122,58.23809036,36.73318346,,,,,,,,,,,,,,,
HLS.L30.T18HYF.2022303T143443.v2.0,18HYF,2022-10-30,LC08_L1TP_233084_20221030_20221030_02_RT,1,78,LaSRCv3.0.5,4.66551934,101.5116533,34.09207859,57.6591122,,,,,,,,,,,,,,,
HLS.L30.T18HYF.2022318T144043.v2.0,18HYF,2022-11-14,LC09_L1TP_001084_20221114_20221114_02_T1,8,73,LaSRCv3.0.5,4.99570647,284.2714805,30.35537199,62.58253775,,,,,,,,,,,,,,,
HLS.L30.T18HYF.2022358T144038.v2.0,18HYF,2022-12-24,LC08_L1TP_001084_20221224_20221224_02_RT,2,76,LaSRCv3.0.5,4.91294826,283.2852735,30.24076496,74.89666781,,,,,,,,,,,,,,,
HLS.L30.T18LZJ.2022204T144658.v2.0,18LZJ,2022-07-23,LC09_L1TP_003070_20220723_20220723_02_T1,4,59,LaSRCv3.0.5,5.50465689,101.4838451,46.60375339,42.2746791,,,,,,,,,,,,,,,
HLS.L30.T18LZJ.2022244T144733.v2.0,18LZJ,2022-09-01,LC08_L1TP_003070_20220901_20220901_02_RT,8,58,LaSRCv3.0.5,5,102,37,54,,,,,,,,,,,,,,,
HLS.L30.T18UYC.2021085T154216.v2.0,18UYC,2021-03-26,LC08_L1TP_015023_20210326_20210402_02_T1,10,86,LaSRCv3.0.5,4.31625415,272.4219233,51.40488265,157.8572174,,,,,,,,,,,,,,,
HLS.L30.T18UYC.2022120T154214.v2.0,18UYC,2022-04-30,LC08_L1TP_015023_20220430_20220430_02_RT,0,87,LaSRCv3.0.5,4.25356009,270.4333738,38.83669049,156.4032857,,,,,,,,,,,,,,,
HLS.L30.T18UYC.2022345T153708.v2.0,18UYC,2022-12-11,LC09_L1TP_014024_20221211_20221211_02_T1,0,86,LaSRCv3.0.5,4.12968836,114.0191142,75.9986746,165.5218889,,,,,,,,,,,,,,,
HLS.L30.T19HFT.2021087T141607.v2.0,19HFT,2021-03-28,LC08_L1TP_230086_20210328_20210402_02_T1,0,100,LaSRCv3.0.5,3.2514083,233.6664938,52.36530548,45.38391129,,,,,,,,,,,,,,,
HLS.L30.T19HFT.2021327T141640.v2.0,19HFT,2021-11-23,LC08_L1TP_230086_20211123_20211123_02_RT,0,100,LaSRCv3.0.5,3.31298675,235.9037662,31.19849193,63.33582631,,,,,,,,,,,,,,,
HLS.L30.T19HFT.2022082T141618.v2.0,19HFT,2022-03-23,LC09_L1TP_230086_20220323_20220406_02_T1,1,100,LaSRCv3.0.5,3.27529163,237.1074751,50.86610244,47.23686478,,,,,,,,,,,,,,,
HLS.L30.T19HFT.2022242T141634.v2.0,19HFT,2022-08-30,LC09_L1TP_230086_20220830_20220831_02_T1,4,100,LaSRCv3.0.5,3.43092629,242.8927225,56.4932385,40.42744572,,,,,,,,,,,,,,,
HLS.L30.T19HFT.2022282T141653.v2.0,19HFT,2022-10-09,LC08_L1TP_230086_20221009_20221009_02_RT,1,100,LaSRCv3.0.5,3.36413681,237.7141802,41.8290054,47.68826759,,,,,,,,,,,,,,,
HLS.L30.T19HFT.2022362T141644.v2.0,19HFT,2022-12-28,LC08_L1TP_230086_20221228_20221228_02_RT,1,100,LaSRCv3.0.5,3.31814626,236.0345765,32.16195818,71.6588041,,,,,,,,,,,,,,,
HLS.L30.T19JCJ.2022158T143747.v2.0,19JCJ,2022-06-07,LC09_L1TP_001079_20220607_20220607_02_T1,1,89,LaSRCv3.0.5,4.23975418,272.5565788,59.23403153,33.28023043,,,,,,,,,,,,,,,
HLS.L30.T19JCJ.2022318T143843.v2.0,19JCJ,2022-11-14,LC09_L1TP_001079_20221114_20221114_02_T1,6,89,LaSRCv3.0.5,4.23308105,272.2895869,26.61993316,73.44485635,,,,,,,,,,,,,,,
HLS.L30.T19KGQ.2021365T142459.v2.0,19KGQ,2021-12-31,LC09_L1TP_232076_20211231_20220122_02_T1,5,100,LaSRCv3.0.5,2.60017995,197.8172493,28.50990192,96.14949956,,,,,,,,,,,,,,,
HLS.L30.T19KGQ.2022200T142458.v2.0,19KGQ,2022-07-19,LC08_L1TP_232076_20220719_20220719_02_RT,10,100,LaSRCv3.0.5,2.61167934,197.2335059,53.73697058,37.73742529,,,,,,,,,,,,,,,
HLS.L30.T19MCR.2021232T145011.v2.0,19MCR,2021-08-20,LC08_L1TP_004062_20210820_20210827_02_T1,7,100,LaSRCv3.0.5,3.00632648,143.9929228,32.70735907,59.65194353,,,,,,,,,,,,,,,
HLS.L30.T19NEF.2022027T144745.v2.0,19NEF,2022-01-27,LC08_L1TP_004056_20220127_20220127_02_RT,1,98,LaSRCv3.0.5,3.64902459,120.6281787,37.38454461,129.3054221,,,,,,,,,,,,,,,
HLS.L30.T19TCM.2021032T152539.v2.0,19TCM,2021-02-01,LC08_L1TP_012027_20210201_20210302_02_T1,6,51,LaSRCv3.0.5,5.81637223,106.5482779,66.49121494,156.502474,,,,,,,,,,,,,,,
HLS.L30.T19TCM.2021247T153156.v2.0,19TCM,2021-09-04,LC08_L1TP_013027_20210904_20210910_02_T1,0,100,LaSRCv3.0.5,3.04656845,226.5167432,42.29480701,153.5741023,,,,,,,,,,,,,,,
HLS.L30.T19TCM.2022122T153130.v2.0,19TCM,2022-05-02,LC08_L1TP_013027_20220502_20220502_02_RT,1,100,LaSRCv3.0.5,3.07656789,227.6966555,34.10557321,149.4728972,,,,,,,,,,,,,,,
HLS.L30.T20HMH.2021009T140259.v2.0,20HMH,2021-01-09,LC08_L1TP_228083_20210109_20210307_02_T1,0,100,LaSRCv3.0.5,3.14082857,136.2599248,32.51909957,77.58947215,,,,,,,,,,,,,,,
HLS.L30.T20HMH.2021089T140233.v2.0,20HMH,2021-03-30,LC08_L1TP_228083_20210330_20210409_02_T1,0,100,LaSRCv3.0.5,3.15198056,135.8027488,49.59344103,46.91955903,,,,,,,,,,,,,,,
HLS.L30.T20HMH.2022004T140302.v2.0,20HMH,2022-01-04,LC09_L1TP_228083_20220104_20220122_02_T1,5,100,LaSRCv3.0.5,3.09630429,139.8954306,31.72737085,78.20468712,,,,,,,,,,,,,,,
HLS.L30.T20HMH.2022044T140251.v2.0,20HMH,2022-02-13,LC08_L1TP_228083_20220213_20220213_02_RT,0,100,LaSRCv3.0.5,3.13769567,136.3754149,38.82093752,66.68258366,,,,,,,,,,,,,,,
HLS.L30.T20HMH.2022124T140236.v2.0,20HMH,2022-05-04,LC08_L1TP_228083_20220504_20220504_02_RT,3,100,LaSRCv3.0.5,2.98396055,142.6976637,58.54866877,36.62375315,,,,,,,,,,,,,,,
HLS.L30.T20HMH.2022164T140222.v2.0,20HMH,2022-06-13,LC09_L1TP_228083_20220613_20220613_02_T1,6,100,LaSRCv3.0.5,3.01321125,143.358634,65.15169718,33.33904532,,,,,,,,,,,,,,,
HLS.L30.T20HMH.2022284T140317.v2.0,20HMH,2022-10-11,LC08_L1TP_228083_20221011_20221011_02_RT,9,100,LaSRCv3.0.5,3.09454264,138.1211542,38.04769198,51.9543894,,,,,,,,,,,,,,,
HLS.L30.T20HMH.2022364T140311.v2.0,20HMH,2022-12-30,LC08_L1TP_228083_20221230_20221230_02_RT,0,100,LaSRCv3.0.5,3,138,31,78,,,,,,,,,,,,,,,
HLS.L30.T20HQK.2021066T135607.v2.0,20HQK,2021-03-07,LC08_L1TP_227082_20210307_20210317_02_T1,1,68,LaSRCv3.0.5,5.23324501,283.3661444,41.83258812,57.02042442,,,,,,,,,,,,,,,
HLS.L30.T20HQK.2021091T134947.v2.0,20HQK,2021-04-01,LC08_L1TP_226082_20210401_20210409_02_T1,1,77,LaSRCv3.0.5,4.69930395,101.435795,48.8123254,47.17127351,,,,,,,,,,,,,,,
HLS.L30.T20HQK.2021146T135553.v2.0,20HQK,2021-05-26,LC08_L1TP_227082_20210526_20210529_02_T1,3,62,LaSRCv3.0.5,5.4772732,283.1800941,60.90522886,33.10659876,,,,,,,,,,,,,,,
HLS.L30.T20HQK.2021171T134952.v2.0,20HQK,2021-06-20,LC08_L1TP_226082_20210620_20210629_02_T1,8,81,LaSRCv3.0.5,4.52991457,101.3447608,63.9342789,33.90468145,,,,,,,,,,,,,,,
HLS.L30.T20HQK.2022006T135016.v2.0,20HQK,2022-01-06,LC09_L1TP_226082_20220106_20220122_02_T1,0,78,LaSRCv3.0.5,4.68396928,100.5479295,31.60298608,80.79431511,,,,,,,,,,,,,,,
HLS.L30.T20HQK.2022021T135622.v2.0,20HQK,2022-01-21,LC08_L1TP_227082_20220121_20220121_02_RT,0,67,LaSRCv3.0.5,5.26701764,283.3645116,32.92548795,76.62033695,,,,,,,,,,,,,,,
HLS.L30.T20HQK.2022046T135005.v2.0,20HQK,2022-02-15,LC08_L1TP_226082_20220215_20220215_02_RT,0,77,LaSRCv3.0.5,4.6882217,101.4427939,38.43839037,67.78545185,,,,,,,,,,,,,,,
HLS.L30.T20HQK.2022061T135612.v2.0,20HQK,2022-03-02,LC09_L1TP_227082_20220302_20220302_02_T1,1,68,LaSRCv3.0.5,5.20659866,283.9830024,40.62742112,59.52333751,,,,,,,,,,,,,,,
HLS.L30.T20HQK.2022086T134957.v2.0,20HQK,2022-03-27,LC09_L1TP_226082_20220327_20220327_02_T1,1,77,LaSRCv3.0.5,4.72152152,100.5703436,47.45727253,49.2676263,,,,,,,,,,,,,,,
HLS.L30.T20HQK.2022181T135626.v2.0,20HQK,2022-06-30,LC08_L1TP_227082_20220630_20220630_02_RT,2,63,LaSRCv3.0.5,5.45744094,283.1980167,63.27567395,33.39505291,,,,,,,,,,,,,,,
HLS.L30.T20HQK.2022246T135014.v2.0,20HQK,2022-09-03,LC09_L1TP_226082_20220903_20220903_02_T1,1,80,LaSRCv3.0.5,4.61012728,100.6103729,50.19690778,43.80164795,,,,,,,,,,,,,,,
HLS.L30.T20HQK.2022301T135638.v2.0,20HQK,2022-10-28,LC09_L1TP_227082_20221028_20221028_02_T1,0,65,LaSRCv3.0.5,5.37521933,283.7877159,31.27319387,59.23524868,,,,,,,,,,,,,,,
HLS.L30.T20HQK.2022341T135644.v2.0,20HQK,2022-12-07,LC08_L1TP_227082_20221207_20221207_02_RT,0,64,LaSRCv3.0.5,5,283,27,77,,,,,,,,,,,,,,,
HLS.L30.T20JNS.2021304T140659.v2.0,20JNS,2021-10-31,LC08_L1TP_229077_20211031_20211031_02_RT,0,100,LaSRCv3.0.5,3,212,27,70,,,,,,,,,,,,,,,
HLS.L30.T20JNS.2022139T140604.v2.0,20JNS,2022-05-19,LC09_L1TP_229077_20220519_20220519_02_T1,0,100,LaSRCv3.0.5,2.74334854,211.3682793,54.14517787,35.43646293,,,,,,,,,,,,,,,
HLS.L30.T20JNS.2022259T140711.v2.0,20JNS,2022-09-16,LC08_L1TP_229077_20220916_20220916_02_RT,0,100,LaSRCv3.0.5,2.85692909,215.6837042,40.05026834,49.39609968,,,,,,,,,,,,,,,
HLS.L30.T20JNS.2022299T140700.v2.0,20JNS,2022-10-26,LC09_L1TP_229077_20221026_20221026_02_T1,3,100,LaSRCv3.0.5,2.79133078,214.3330012,28.31857482,67.14186065,,,,,,,,,,,,,,,
HLS.L30.T20JNS.2022339T140707.v2.0,20JNS,2022-12-05,LC08_L1TP_229077_20221205_20221206_02_RT,0,100,LaSRCv3.0.5,2.8024468,212.6527707,25.95213456,88.50031558,,,,,,,,,,,,,,,
HLS.L30.T21HTU.2021068T134520.v2.0,21HTU,2021-03-09,LC08_L1TP_225086_20210309_20210317_02_T1,0,100,LaSRCv3.0.5,2.77621654,153.1949769,46.76565476,53.64622745,,,,,,,,,,,,,,,
HLS.L30.T21HTU.2021148T134508.v2.0,21HTU,2021-05-28,LC08_L1TP_225086_20210528_20210607_02_T1,0,100,LaSRCv3.0.5,2.63485399,163.0295585,66.64453415,33.29650558,,,,,,,,,,,,,,,
HLS.L30.T21HTU.2022103T134515.v2.0,21HTU,2022-04-13,LC08_L1TP_225086_20220413_20220413_02_RT,0,100,LaSRCv3.0.5,2.64115632,162.4146326,56.26219444,41.04569413,,,,,,,,,,,,,,,
HLS.L30.T21HTU.2022183T134540.v2.0,21HTU,2022-07-02,LC08_L1TP_225086_20220702_20220702_02_RT,2,100,LaSRCv3.0.5,2.65005881,161.6562454,68.61590465,33.92867939,,,,,,,,,,,,,,,
HLS.L30.T21HTU.2022223T134536.v2.0,21HTU,2022-08-11,LC09_L1TP_225086_20220811_20220811_02_T1,7,100,LaSRCv3.0.5,2.64045115,165.3128594,61.94009837,38.48013587,,,,,,,,,,,,,,,
HLS.L30.T21HTU.2022343T134558.v2.0,21HTU,2022-12-09,LC08_L1TP_225086_20221209_20221209_02_RT,0,100,LaSRCv3.0.5,2.68456172,159.0750598,30.6103952,70.35630596,,,,,,,,,,,,,,,
HLS.L30.T21JWM.2021068T134144.v2.0,21JWM,2021-03-09,LC08_L1TP_225077_20210309_20210317_02_T1,0,100,LaSRCv3.0.5,2.54573528,176.1788286,38.67399219,61.84706903,,,,,,,,,,,,,,,
HLS.L30.T21JWM.2021228T134159.v2.0,21JWM,2021-08-16,LC08_L1TP_225077_20210816_20210826_02_T1,0,100,LaSRCv3.0.5,2.53459229,181.0814094,50.14908094,42.03727691,,,,,,,,,,,,,,,
HLS.L30.T21JWM.2022023T134200.v2.0,21JWM,2022-01-23,LC08_L1TP_225077_20220123_20220123_02_RT,0,100,LaSRCv3.0.5,2.54178806,177.5030731,31.78908181,85.34408548,,,,,,,,,,,,,,,
HLS.L30.T21JWM.2022143T134120.v2.0,21JWM,2022-05-23,LC09_L1TP_225077_20220523_20220523_02_T1,0,100,LaSRCv3.0.5,2.5356073,183.0066167,54.93934823,35.12930848,,,,,,,,,,,,,,,
HLS.L30.T21LWG.2021226T135045.v2.0,21LWG,2021-08-14,LC08_L1TP_227068_20210814_20210826_02_T1,0,100,LaSRCv3.0.5,2.63397374,165.3389282,39.716286,49.17676584,,,,,,,,,,,,,,,
HLS.L30.T21LWG.2022141T135007.v2.0,21LWG,2022-05-21,LC09_L1TP_227068_20220521_20220522_02_T1,0,100,LaSRCv3.0.5,2.62816987,167.8432669,42.6545291,40.65752423,,,,,,,,,,,,,,,
HLS.L30.T22KFG.2021207T132055.v2.0,22KFG,2021-07-26,LC08_L1TP_222071_20210726_20210804_02_T1,0,100,LaSRCv3.0.5,2.69820109,204.9862294,47.155646,41.36751322,,,,,,,,,,,,,,,
HLS.L30.T22KFG.2022082T132044.v2.0,22KFG,2022-03-23,LC08_L1TP_222071_20220323_20220323_02_RT,1,100,LaSRCv3.0.5,2.68783763,204.1507407,35.38669239,62.58480607,,,,,,,,,,,,,,,
HLS.L30.T22KFG.2022122T132038.v2.0,22KFG,2022-05-02,LC09_L1TP_222071_20220502_20220502_02_T1,1,100,LaSRCv3.0.5,2.73232395,209.5920766,42.83337962,42.69516501,,,,,,,,,,,,,,,
HLS.L30.T22KFG.2022202T132049.v2.0,22KFG,2022-07-21,LC09_L1TP_222071_20220721_20220721_02_T1,0,100,LaSRCv3.0.5,2.7225447,208.9232888,47.97684098,40.38016504,,,,,,,,,,,,,,,
HLS.L30.T22KFG.2022242T132126.v2.0,22KFG,2022-08-30,LC08_L1TP_222071_20220830_20220830_02_RT,0,100,LaSRCv3.0.5,2.75139126,208.6270792,38.69294743,50.63783621,,,,,,,,,,,,,,,
HLS.L30.T22VEQ.2021120T143115.v2.0,22VEQ,2021-04-30,LC08_L1TP_004016_20210430_20210508_02_T1,1,88,LaSRCv3.0.5,4.28499499,115.6493254,48.30593235,165.3569401,,,,,,,,,,,,,,,
HLS.L30.T22VEQ.2021159T143740.v2.0,22VEQ,2021-06-08,LC08_L1TP_005016_20210608_20210615_02_T1,0,99,LaSRCv3.0.5,2.79932858,221.7142758,40.34176419,165.2869644,,,,,,,,,,,,,,,
HLS.L30.T22VEQ.2021182T144357.v2.0,22VEQ,2021-07-01,LC08_L1TP_006016_20210701_20210708_02_T1,4,52,LaSRCv3.0.5,5.87156747,287.8822991,40.25189698,165.0794435,,,,,,,,,,,,,,,
HLS.L30.T22VEQ.2022154T143724.v2.0,22VEQ,2022-06-03,LC09_L1TP_005016_20220603_20220604_02_T1,0,99,LaSRCv3.0.5,3,222,41,166,,,,,,,,,,,,,,,
HLS.L30.T24LUQ.2022223T124830.v2.0,24LUQ,2022-08-11,LC08_L1TP_217066_20220811_20220811_02_RT,0,100,LaSRCv3.0.5,3,195,38,50,,,,,,,,,,,,,,,
HLS.L30.T24LUQ.2022303T124839.v2.0,24LUQ,2022-10-30,LC08_L1TP_217066_20221030_20221030_02_RT,4,100,LaSRCv3.0.5,2.58665635,193.0257499,23.89890513,102.7636695,,,,,,,,,,,,,,,
HLS.L30.T24MWA.2022248T124111.v2.0,24MWA,2022-09-05,LC08_L1TP_216063_20220905_20220905_02_RT,1,51,LaSRCv3.0.5,5.81961851,102.6284517,29.66050701,68.66870268,,,,,,,,,,,,,,,
HLS.L30.T29NNG.2022025T105303.v2.0,29NNG,2022-01-25,LC09_L1TP_199056_20220125_20220125_02_T1,1,60,LaSRCv3.0.5,5.49705608,280.5910883,37.46129756,132.0451923,,,,,,,,,,,,,,,
HLS.L30.T29TQE.2021074T110747.v2.0,29TQE,2021-03-15,LC08_L1TP_203032_20210315_20210328_02_T1,0,63,LaSRCv3.0.5,5.295264,280.3524435,46.46972141,149.6447951,,,,,,,,,,,,,,,
HLS.L30.T29TQE.2021179T110138.v2.0,29TQE,2021-06-28,LC08_L1TP_202032_20210628_20210707_02_T1,0,91,LaSRCv3.0.5,4,112,25,127,,,,,,,,,,,,,,,
HLS.L30.T29TQE.2021186T110750.v2.0,29TQE,2021-07-05,LC08_L1TP_203032_20210705_20210713_02_T1,0,64,LaSRCv3.0.5,5.30119642,280.3909989,24.52041777,129.1211316,,,,,,,,,,,,,,,
HLS.L30.T29TQE.2021211T110148.v2.0,29TQE,2021-07-30,LC08_L1TP_202032_20210730_20210804_02_T1,0,90,LaSRCv3.0.5,4.12054344,111.0401544,28.855521,132.3313386,,,,,,,,,,,,,,,
HLS.L30.T29TQE.2021234T110807.v2.0,29TQE,2021-08-22,LC08_L1TP_203032_20210822_20210827_02_T1,0,64,LaSRCv3.0.5,5,280,34,143,,,,,,,,,,,,,,,
HLS.L30.T29TQE.2021314T110819.v2.0,29TQE,2021-11-10,LC08_L1TP_203032_20211110_20211110_02_RT,0,63,LaSRCv3.0.5,5.32516272,280.3535555,59.1265439,163.1079016,,,,,,,,,,,,,,,
HLS.L30.T29TQE.2021346T110817.v2.0,29TQE,2021-12-12,LC08_L1TP_203032_20211212_20211212_02_RT,3,63,LaSRCv3.0.5,5.33318035,280.3490943,65.35431216,162.1717828,,,,,,,,,,,,,,,
HLS.L30.T29TQE.2022014T110159.v2.0,29TQE,2022-01-14,LC09_L1TP_202032_20220114_20220114_02_T1,3,91,LaSRCv3.0.5,4.13206404,111.4181334,64.90584896,156.6139398,,,,,,,,,,,,,,,
HLS.L30.T29TQE.2022029T110804.v2.0,29TQE,2022-01-29,LC08_L1TP_203032_20220129_20220129_02_RT,1,64,LaSRCv3.0.5,5.30162284,280.3492576,61.68636637,155.5802137,,,,,,,,,,,,,,,
HLS.L30.T29TQE.2022046T110157.v2.0,29TQE,2022-02-15,LC09_L1TP_202032_20220215_20220215_02_T1,8,92,LaSRCv3.0.5,4.08058967,112.7605032,57.20986179,151.8557857,,,,,,,,,,,,,,,
HLS.L30.T29TQE.2022126T110127.v2.0,29TQE,2022-05-06,LC09_L1TP_202032_20220506_20220506_02_T1,1,94,LaSRCv3.0.5,3.98232653,115.5133105,29.08142865,138.2240055,,,,,,,,,,,,,,,
HLS.L30.T29TQE.2022181T110748.v2.0,29TQE,2022-06-30,LC09_L1TP_203032_20220630_20220630_02_T1,3,61,LaSRCv3.0.5,5.40202931,280.865265,24.07834874,128.8264535,,,,,,,,,,,,,,,
HLS.L30.T29TQE.2022206T110144.v2.0,29TQE,2022-07-25,LC09_L1TP_202032_20220725_20220725_02_T1,0,91,LaSRCv3.0.5,4.11575081,111.8619756,27.92838062,130.7037486,,,,,,,,,,,,,,,
HLS.L30.T29TQE.2022214T110211.v2.0,29TQE,2022-08-02,LC08_L1TP_202032_20220802_20220802_02_RT,3,92,LaSRCv3.0.5,4.03312313,113.0291363,29.35217255,133.357064,,,,,,,,,,,,,,,
HLS.L30.T29TQE.2022221T110826.v2.0,29TQE,2022-08-09,LC08_L1TP_203032_20220809_20220809_02_RT,0,61,LaSRCv3.0.5,5.39832179,280.3776635,30.21104653,137.8827418,,,,,,,,,,,,,,,
HLS.L30.T29TQE.2022254T110200.v2.0,29TQE,2022-09-11,LC09_L1TP_202032_20220911_20220911_02_T1,5,91,LaSRCv3.0.5,4.13923632,111.2987763,39.7671269,148.4909286,,,,,,,,,,,,,,,
HLS.L30.T29TQE.2022269T110835.v2.0,29TQE,2022-09-26,LC08_L1TP_203032_20220926_20220926_02_RT,1,61,LaSRCv3.0.5,5.42055142,280.3719265,44.27666219,155.3397899,,,,,,,,,,,,,,,
HLS.L30.T29TQE.2022309T110821.v2.0,29TQE,2022-11-05,LC09_L1TP_203032_20221105_20221105_02_T1,0,63,LaSRCv3.0.5,5.29596012,280.8304742,57.62150379,162.7966949,,,,,,,,,,,,,,,
HLS.L30.T30PVR.2021009T103315.v2.0,30PVR,2021-01-09,LC08_L1TP_196053_20210109_20210307_02_T1,8,93,LaSRCv3.0.5,3.97530536,256.5227342,41.08273071,140.3749841,,,,,,,,,,,,,,,
HLS.L30.T30PVR.2021329T103323.v2.0,30PVR,2021-11-25,LC08_L1TP_196053_20211125_20211125_02_RT,0,93,LaSRCv3.0.5,4.003511,257.744943,37.11499162,144.871692,,,,,,,,,,,,,,,
HLS.L30.T30PVR.2022044T103307.v2.0,30PVR,2022-02-13,LC08_L1TP_196053_20220213_20220213_02_RT,0,93,LaSRCv3.0.5,4.00273919,257.6789159,36.44089445,128.1949661,,,,,,,,,,,,,,,
HLS.L30.T30PVR.2022324T103330.v2.0,30PVR,2022-11-20,LC09_L1TP_196053_20221120_20221120_02_T1,3,92,LaSRCv3.0.5,4.04260079,261.9870774,36.02806159,144.2252075,,,,,,,,,,,,,,,
HLS.L30.T31SBU.2021192T103221.v2.0,31SBU,2021-07-11,LC08_L1TP_197036_20210711_20210711_02_RT,2,99,LaSRCv3.0.5,3.47745871,130.0196114,23.76333007,116.1398874,,,,,,,,,,,,,,,
HLS.L30.T31SBU.2021272T103247.v2.0,31SBU,2021-09-29,LC08_L1TP_197036_20210929_20211012_02_T1,0,99,LaSRCv3.0.5,3.42135444,131.9406947,41.3570425,150.4553074,,,,,,,,,,,,,,,
HLS.L30.T31SBU.2021352T103247.v2.0,31SBU,2021-12-18,LC08_L1TP_197036_20211218_20211218_02_RT,0,99,LaSRCv3.0.5,3.41936803,132.1542722,61.32571396,158.3630292,,,,,,,,,,,,,,,
HLS.L30.T31SBU.2022107T103216.v2.0,31SBU,2022-04-17,LC09_L1TP_197036_20220417_20220418_02_T1,2,100,LaSRCv3.0.5,3.34757512,136.0231019,31.12307785,135.7869984,,,,,,,,,,,,,,,
HLS.L30.T31SBU.2022147T103222.v2.0,31SBU,2022-05-27,LC08_L1TP_197036_20220527_20220527_02_RT,0,99,LaSRCv3.0.5,3.46820144,130.405543,22.69329906,120.6509347,,,,,,,,,,,,,,,
HLS.L30.T31SBU.2022307T103305.v2.0,31SBU,2022-11-03,LC08_L1TP_197036_20221103_20221103_02_RT,1,100,LaSRCv3.0.5,3.31848327,135.7097139,52.47761886,158.7885797,,,,,,,,,,,,,,,
HLS.L30.T31TEL.2021087T103514.v2.0,31TEL,2021-03-28,LC08_L1TP_198028_20210328_20210402_02_T1,1,59,LaSRCv3.0.5,5.52975852,281.3773848,45.57456209,152.9213341,,,,,,,,,,,,,,,
HLS.L30.T31TEL.2021167T103517.v2.0,31TEL,2021-06-16,LC08_L1TP_198028_20210616_20210622_02_T1,3,59,LaSRCv3.0.5,5.51986045,281.4042137,26.55892803,140.8162081,,,,,,,,,,,,,,,
HLS.L30.T31TEL.2022067T102915.v2.0,31TEL,2022-03-08,LC08_L1TP_197028_20220308_20220308_02_RT,2,100,LaSRCv3.0.5,3.38868514,134.7647591,53.93441377,152.9666185,,,,,,,,,,,,,,,
HLS.L30.T31TEL.2022082T103525.v2.0,31TEL,2022-03-23,LC09_L1TP_198028_20220323_20220406_02_T1,0,59,LaSRCv3.0.5,5.52523864,281.835305,47.63730282,153.3656505,,,,,,,,,,,,,,,
HLS.L30.T31TEL.2022107T102905.v2.0,31TEL,2022-04-17,LC09_L1TP_197028_20220417_20220418_02_T1,0,100,LaSRCv3.0.5,3.39413699,135.9396442,38.55522687,149.3057155,,,,,,,,,,,,,,,
HLS.L30.T31TEL.2022162T103500.v2.0,31TEL,2022-06-11,LC09_L1TP_198028_20220611_20220612_02_T1,0,61,LaSRCv3.0.5,5.42076625,281.8592047,26.69582501,141.4785779,,,,,,,,,,,,,,,
HLS.L30.T31TEL.2022187T102907.v2.0,31TEL,2022-07-06,LC09_L1TP_197028_20220706_20220706_02_T1,2,99,LaSRCv3.0.5,3.48024528,132.9263022,28.16376589,137.6011379,,,,,,,,,,,,,,,
HLS.L30.T31TEL.2022202T103544.v2.0,31TEL,2022-07-21,LC08_L1TP_198028_20220721_20220721_02_RT,3,60,LaSRCv3.0.5,5.47469385,281.3889616,29.71552798,141.502733,,,,,,,,,,,,,,,
HLS.L30.T31UEQ.2021055T103416.v2.0,31UEQ,2021-02-24,LC08_L1TP_198025_20210224_20210303_02_T1,0,100,LaSRCv3.0.5,3,159,61,156,,,,,,,,,,,,,,,
HLS.L30.T31UEQ.2021327T103436.v2.0,31UEQ,2021-11-23,LC08_L1TP_198025_20211123_20211123_02_RT,4,100,LaSRCv3.0.5,2.82446397,157.9013879,70.71289657,165.9844962,,,,,,,,,,,,,,,
HLS.L30.T31UEQ.2022057T104029.v2.0,31UEQ,2022-02-26,LC09_L1TP_199025_20220226_20220227_02_T1,1,53,LaSRCv3.0.5,5.82675864,282.7668384,60.3487389,157.5446139,,,,,,,,,,,,,,,
HLS.L30.T31UEQ.2022065T104026.v2.0,31UEQ,2022-03-06,LC08_L1TP_199025_20220306_20220306_02_RT,0,50,LaSRCv3.0.5,5.94556348,282.4044054,57.30198719,157.0511774,,,,,,,,,,,,,,,
HLS.L30.T31UEQ.2022082T103413.v2.0,31UEQ,2022-03-23,LC09_L1TP_198025_20220323_20220406_02_T1,0,100,LaSRCv3.0.5,2.77875827,161.7816155,50.81362425,154.8267097,,,,,,,,,,,,,,,
HLS.L30.T31UEQ.2022185T104017.v2.0,31UEQ,2022-07-04,LC09_L1TP_199025_20220704_20220803_02_T1,4,52,LaSRCv3.0.5,5.86294929,282.8143882,29.77256895,145.9147268,,,,,,,,,,,,,,,
HLS.L30.T31UEQ.2022210T103417.v2.0,31UEQ,2022-07-29,LC09_L1TP_198025_20220729_20220729_02_T1,2,100,LaSRCv3.0.5,2.81578315,159.73147,34.16514173,146.2641796,,,,,,,,,,,,,,,
HLS.L30.T31UEQ.2022225T104056.v2.0,31UEQ,2022-08-13,LC08_L1TP_199025_20220813_20220813_02_RT,0,51,LaSRCv3.0.5,5.89799505,282.4401125,37.46589352,151.3655734,,,,,,,,,,,,,,,
HLS.L30.T31UEQ.2022265T104046.v2.0,31UEQ,2022-09-22,LC09_L1TP_199025_20220922_20220922_02_T1,0,52,LaSRCv3.0.5,5.83469763,282.8010555,50.53530359,161.0462426,,,,,,,,,,,,,,,
HLS.L30.T31UEQ.2022282T103448.v2.0,31UEQ,2022-10-09,LC08_L1TP_198025_20221009_20221009_02_RT,0,100,LaSRCv3.0.5,2.81465361,158.4736344,56.88223808,162.9764386,,,,,,,,,,,,,,,
HLS.L30.T32VPQ.2021240T102441.v2.0,32VPQ,2021-08-28,LC08_L1TP_197016_20210828_20210901_02_T1,1,91,LaSRCv3.0.5,4.13956618,117.4156619,53.73277281,165.2867731,,,,,,,,,,,,,,,
HLS.L30.T32VPQ.2022107T102418.v2.0,32VPQ,2022-04-17,LC09_L1TP_197016_20220417_20220418_02_T1,4,93,LaSRCv3.0.5,4.01036566,120.2566574,52.72149587,165.4751708,,,,,,,,,,,,,,,
HLS.L30.T32VPQ.2022250T103114.v2.0,32VPQ,2022-09-07,LC08_L1TP_198016_20220907_20220907_02_RT,2,100,LaSRCv3.0.5,3.11340602,235.3309724,57.0624926,168.5155549,,,,,,,,,,,,,,,
HLS.L30.T33KZV.2022006T084938.v2.0,33KZV,2022-01-06,LC09_L1TP_178072_20220106_20220122_02_T1,9,93,LaSRCv3.0.5,4.03318609,263.3450282,28.90459831,103.1196011,,,,,,,,,,,,,,,
HLS.L30.T33KZV.2022086T084918.v2.0,33KZV,2022-03-27,LC09_L1TP_178072_20220327_20220327_02_T1,0,94,LaSRCv3.0.5,4.00780089,262.3254072,36.83103407,58.06424568,,,,,,,,,,,,,,,
HLS.L30.T33KZV.2022126T084913.v2.0,33KZV,2022-05-06,LC08_L1TP_178072_20220506_20220506_02_RT,0,91,LaSRCv3.0.5,4.14936304,265.0176318,44.91059802,40.31466048,,,,,,,,,,,,,,,
HLS.L30.T33KZV.2022166T084859.v2.0,33KZV,2022-06-15,LC09_L1TP_178072_20220615_20220615_02_T1,0,92,LaSRCv3.0.5,4.10953675,266.1557584,50.78774574,35.67759912,,,,,,,,,,,,,,,
HLS.L30.T33KZV.2022206T084943.v2.0,33KZV,2022-07-25,LC08_L1TP_178072_20220725_20220725_02_RT,0,91,LaSRCv3.0.5,4.13766087,264.4576664,48.67975326,39.9746647,,,,,,,,,,,,,,,
HLS.L30.T33KZV.2022246T084936.v2.0,33KZV,2022-09-03,LC09_L1TP_178072_20220903_20220903_02_T1,0,92,LaSRCv3.0.5,4.09686695,265.6858761,38.71792476,50.33661947,,,,,,,,,,,,,,,
HLS.L30.T33KZV.2022286T084952.v2.0,33KZV,2022-10-13,LC08_L1TP_178072_20221013_20221013_02_RT,1,94,LaSRCv3.0.5,4.00472922,259.2935021,27.16680586,70.17123524,,,,,,,,,,,,,,,
HLS.L30.T33LYF.2021194T085416.v2.0,33LYF,2021-07-13,LC08_L1TP_179069_20210713_20210721_02_T1,0,100,LaSRCv3.0.5,3.00745202,143.034706,45.9973727,40.96664217,,,,,,,,,,,,,,,
HLS.L30.T33LYF.2022149T085418.v2.0,33LYF,2022-05-29,LC08_L1TP_179069_20220529_20220529_02_RT,0,100,LaSRCv3.0.5,2.96600323,144.8413009,44.58446193,39.05614097,,,,,,,,,,,,,,,
HLS.L30.T33LYF.2022189T085412.v2.0,33LYF,2022-07-08,LC09_L1TP_179069_20220708_20220708_02_T1,0,100,LaSRCv3.0.5,2.92437475,148.6077187,46.40237813,40.17326644,,,,,,,,,,,,,,,
HLS.L30.T33LYF.2022229T085453.v2.0,33LYF,2022-08-17,LC08_L1TP_179069_20220817_20220817_02_RT,0,100,LaSRCv3.0.5,2.86422203,149.7226349,39.79843069,49.34836775,,,,,,,,,,,,,,,
HLS.L30.T33MWR.2022042T091012.v2.0,33MWR,2022-02-11,LC08_L1TP_182062_20220211_20220211_02_RT,9,76,LaSRCv3.0.5,4.74645437,280.0033593,31.69409587,110.182948,,,,,,,,,,,,,,,
HLS.L30.T33MWR.2022082T091004.v2.0,33MWR,2022-03-23,LC09_L1TP_182062_20220323_20220406_02_T1,4,76,LaSRCv3.0.5,4.74977707,280.9301494,29.12008753,80.37410093,,,,,,,,,,,,,,,
HLS.L30.T33MWR.2022162T090940.v2.0,33MWR,2022-06-11,LC09_L1TP_182062_20220611_20220612_02_T1,0,75,LaSRCv3.0.5,4.7863063,281.116152,37.8918934,42.9285242,,,,,,,,,,,,,,,
HLS.L30.T33TWE.2021129T093445.v2.0,33TWE,2021-05-09,LC08_L1TP_188032_20210509_20210518_02_T1,1,92,LaSRCv3.0.5,4.0411848,113.2743883,28.35759872,137.3647434,,,,,,,,,,,,,,,
HLS.L30.T33TWE.2021177T093507.v2.0,33TWE,2021-06-26,LC08_L1TP_188032_20210626_20210707_02_T1,1,92,LaSRCv3.0.5,4.03792865,113.3693791,24.53628268,126.7991074,,,,,,,,,,,,,,,
HLS.L30.T33TWE.2021209T093515.v2.0,33TWE,2021-07-28,LC08_L1TP_188032_20210728_20210804_02_T1,0,91,LaSRCv3.0.5,4.09523009,112.1537566,28.49051819,131.7544637,,,,,,,,,,,,,,,
HLS.L30.T33TWE.2022019T094140.v2.0,33TWE,2022-01-19,LC09_L1TP_189032_20220119_20220119_02_T1,8,62,LaSRCv3.0.5,5.36696087,280.9597503,63.82006549,157.120646,,,,,,,,,,,,,,,
HLS.L30.T33TWE.2022084T093502.v2.0,33TWE,2022-03-25,LC08_L1TP_188032_20220325_20220325_02_RT,8,93,LaSRCv3.0.5,4.00055054,114.284951,43.166529,146.7683839,,,,,,,,,,,,,,,
HLS.L30.T33TWE.2022204T093511.v2.0,33TWE,2022-07-23,LC09_L1TP_188032_20220723_20220723_02_T1,6,92,LaSRCv3.0.5,4,113,28,130,,,,,,,,,,,,,,,
HLS.L30.T33TWE.2022227T094136.v2.0,33TWE,2022-08-15,LC09_L1TP_189032_20220815_20220815_02_T1,0,61,LaSRCv3.0.5,5.41869421,280.9883161,31.6657059,140.0503709,,,,,,,,,,,,,,,
HLS.L30.T33TWE.2022292T093548.v2.0,33TWE,2022-10-19,LC08_L1TP_188032_20221019_20221019_02_RT,3,92,LaSRCv3.0.5,4.03097004,113.3850236,52.46831073,159.2451666,,,,,,,,,,,,,,,
HLS.L30.T33TWE.2022364T093540.v2.0,33TWE,2022-12-30,LC09_L1TP_188032_20221230_20221230_02_T1,5,93,LaSRCv3.0.5,4.05033543,113.8863596,66.24382559,158.9210431,,,,,,,,,,,,,,,
HLS.L30.T33UVT.2021253T095638.v2.0,33UVT,2021-09-10,LC08_L1TP_192023_20210910_20210916_02_T1,6,100,LaSRCv3.0.5,2.58398744,176.5152617,48.8363385,159.0983954,,,,,,,,,,,,,,,
HLS.L30.T34JBN.2021013T084023.v2.0,34JBN,2021-01-13,LC08_L1TP_176080_20210113_20210308_02_T1,7,100,LaSRCv3.0.5,2.59737372,197.1070571,31.23963088,83.05429668,,,,,,,,,,,,,,,
HLS.L30.T34JBN.2021093T083958.v2.0,34JBN,2021-04-03,LC08_L1TP_176080_20210403_20210409_02_T1,0,100,LaSRCv3.0.5,2.60763907,198.258607,46.65563141,47.02412858,,,,,,,,,,,,,,,
HLS.L30.T34JBN.2021173T084004.v2.0,34JBN,2021-06-22,LC08_L1TP_176080_20210622_20210629_02_T1,2,100,LaSRCv3.0.5,2.68091992,204.7465082,61.13024145,33.70653533,,,,,,,,,,,,,,,
HLS.L30.T34JBN.2021253T084028.v2.0,34JBN,2021-09-10,LC08_L1TP_176080_20210910_20210916_02_T1,10,100,LaSRCv3.0.5,2.63457336,200.9290263,45.07696226,45.77253027,,,,,,,,,,,,,,,
HLS.L30.T34JBN.2021333T084034.v2.0,34JBN,2021-11-29,LC08_L1TP_176080_20211129_20211129_02_RT,0,100,LaSRCv3.0.5,2.62549511,200.0986294,26.76113222,79.52941104,,,,,,,,,,,,,,,
HLS.L30.T34JBN.2022008T084027.v2.0,34JBN,2022-01-08,LC09_L1TP_176080_20220108_20220122_02_T1,0,100,LaSRCv3.0.5,2.61826766,201.5071413,30.47890837,84.17390671,,,,,,,,,,,,,,,
HLS.L30.T34JBN.2022128T084004.v2.0,34JBN,2022-05-08,LC08_L1TP_176080_20220508_20220508_02_RT,0,100,LaSRCv3.0.5,2.67966301,204.6820547,55.10337095,36.38068225,,,,,,,,,,,,,,,
HLS.L30.T34JBN.2022168T083951.v2.0,34JBN,2022-06-17,LC09_L1TP_176080_20220617_20220618_02_T1,0,100,LaSRCv3.0.5,2.66264445,205.5800469,60.97877717,33.53581008,,,,,,,,,,,,,,,
HLS.L30.T34JBN.2022208T084034.v2.0,34JBN,2022-07-27,LC08_L1TP_176080_20220727_20220727_02_RT,0,100,LaSRCv3.0.5,2.6740173,204.2484948,58.06463507,37.29472621,,,,,,,,,,,,,,,
HLS.L30.T34LGP.2021093T083447.v2.0,34LGP,2021-04-03,LC08_L1TP_176067_20210403_20210409_02_T1,9,85,LaSRCv3.0.5,4.37460432,273.1499319,32.81831218,62.40629471,,,,,,,,,,,,,,,
HLS.L30.T34LGP.2021173T083453.v2.0,34LGP,2021-06-22,LC08_L1TP_176067_20210622_20210629_02_T1,1,82,LaSRCv3.0.5,4,276,44,39,,,,,,,,,,,,,,,
HLS.L30.T34LGP.2022168T083440.v2.0,34LGP,2022-06-17,LC09_L1TP_176067_20220617_20220618_02_T1,0,83,LaSRCv3.0.5,4.44903707,277.1748697,43.6920736,39.05117127,,,,,,,,,,,,,,,
HLS.L30.T34LGP.2022208T083523.v2.0,34LGP,2022-07-27,LC08_L1TP_176067_20220727_20220727_02_RT,3,82,LaSRCv3.0.5,4.49136398,276.214641,41.51291592,44.62764656,,,,,,,,,,,,,,,
HLS.L30.T34LGP.2022248T083514.v2.0,34LGP,2022-09-05,LC09_L1TP_176067_20220905_20220905_02_T1,0,84,LaSRCv3.0.5,4.41866099,276.4061123,32.42375807,59.15221807,,,,,,,,,,,,,,,
HLS.L30.T34LGP.2022288T083531.v2.0,34LGP,2022-10-15,LC08_L1TP_176067_20221015_20221015_02_RT,4,85,LaSRCv3.0.5,4.37381757,272.7251505,24.03164082,87.66060281,,,,,,,,,,,,,,,
HLS.L30.T34NEH.2022029T085014.v2.0,34NEH,2022-01-29,LC09_L1TP_179058_20220129_20220129_02_T1,0,73,LaSRCv3.0.5,4.89476713,280.9025267,35.19620772,126.0905729,,,,,,,,,,,,,,,
HLS.L30.T34RGS.2021032T085517.v2.0,34RGS,2021-02-01,LC08_L1TP_181040_20210201_20210302_02_T1,0,100,LaSRCv3.0.5,2.69052535,164.9277428,51.87080084,147.8783862,,,,,,,,,,,,,,,
HLS.L30.T34RGS.2021192T085504.v2.0,34RGS,2021-07-11,LC08_L1TP_181040_20210711_20210720_02_T1,0,100,LaSRCv3.0.5,2.69849569,164.3724022,22.56280641,100.9149026,,,,,,,,,,,,,,,
HLS.L30.T34RGS.2021272T085530.v2.0,34RGS,2021-09-29,LC08_L1TP_181040_20210929_20211012_02_T1,0,100,LaSRCv3.0.5,2.67422469,166.3386945,36.46498426,144.8025135,,,,,,,,,,,,,,,
HLS.L30.T34RGS.2021352T085529.v2.0,34RGS,2021-12-18,LC08_L1TP_181040_20211218_20211218_02_RT,0,100,LaSRCv3.0.5,2.67291584,166.4175152,55.84393085,155.8535145,,,,,,,,,,,,,,,
HLS.L30.T34RGS.2022027T085526.v2.0,34RGS,2022-01-27,LC09_L1TP_181040_20220127_20220127_02_T1,2,100,LaSRCv3.0.5,2.65515461,169.3738468,53.00539738,149.0240243,,,,,,,,,,,,,,,
HLS.L30.T34RGS.2022147T085504.v2.0,34RGS,2022-05-27,LC08_L1TP_181040_20220527_20220527_02_RT,0,100,LaSRCv3.0.5,2.69217082,164.8463524,21.04490257,104.7574347,,,,,,,,,,,,,,,
HLS.L30.T34RGS.2022187T085500.v2.0,34RGS,2022-07-06,LC09_L1TP_181040_20220706_20220803_02_T1,0,100,LaSRCv3.0.5,2.65523958,169.4835424,22.19483022,99.53778607,,,,,,,,,,,,,,,
HLS.L30.T34RGS.2022227T085541.v2.0,34RGS,2022-08-15,LC08_L1TP_181040_20220815_20220815_02_RT,0,100,LaSRCv3.0.5,2.63367064,170.3974667,26.19288702,118.4448213,,,,,,,,,,,,,,,
HLS.L30.T34RGS.2022267T085530.v2.0,34RGS,2022-09-24,LC09_L1TP_181040_20220924_20220924_02_T1,0,100,LaSRCv3.0.5,2.66495522,168.4747393,34.96217429,142.3207994,,,,,,,,,,,,,,,
HLS.L30.T34RGS.2022307T085548.v2.0,34RGS,2022-11-03,LC08_L1TP_181040_20221103_20221103_02_RT,0,100,LaSRCv3.0.5,2.63225786,170.5327838,46.97563993,155.4976315,,,,,,,,,,,,,,,
HLS.L30.T34RGS.2022347T085536.v2.0,34RGS,2022-12-13,LC09_L1TP_181040_20221213_20221213_02_T1,0,100,LaSRCv3.0.5,2.66753995,168.3182333,55.38414705,156.4230609,,,,,,,,,,,,,,,
HLS.L30.T35JPL.2021051T080222.v2.0,35JPL,2021-02-20,LC08_L1TP_170078_20210220_20210303_02_T1,1,100,LaSRCv3.0.5,2.92762873,219.1136797,35.93332624,70.31524017,,,,,,,,,,,,,,,
HLS.L30.T35JPL.2021131T080152.v2.0,35JPL,2021-05-11,LC08_L1TP_170078_20210511_20210518_02_T1,0,100,LaSRCv3.0.5,3.09389074,226.2975503,53.33826614,36.39414133,,,,,,,,,,,,,,,
HLS.L30.T35JPL.2021211T080222.v2.0,35JPL,2021-07-30,LC08_L1TP_170078_20210730_20210804_02_T1,0,100,LaSRCv3.0.5,2.99892269,222.3921072,55.00889347,38.37183231,,,,,,,,,,,,,,,
HLS.L30.T35JPL.2022046T080231.v2.0,35JPL,2022-02-15,LC09_L1TP_170078_20220215_20220215_02_T1,1,100,LaSRCv3.0.5,2.9833359,224.1322841,35.06072585,73.12403401,,,,,,,,,,,,,,,
HLS.L30.T35JPL.2022086T080206.v2.0,35JPL,2022-03-27,LC08_L1TP_170078_20220327_20220327_02_RT,4,100,LaSRCv3.0.5,2.93184207,219.2614673,42.75257428,51.68921656,,,,,,,,,,,,,,,
HLS.L30.T35JPL.2022126T080201.v2.0,35JPL,2022-05-06,LC09_L1TP_170078_20220506_20220506_02_T1,3,100,LaSRCv3.0.5,3.02194878,225.7098785,52.19447886,37.41198361,,,,,,,,,,,,,,,
HLS.L30.T35JPL.2022166T080230.v2.0,35JPL,2022-06-15,LC08_L1TP_170078_20220615_20220615_02_RT,1,100,LaSRCv3.0.5,3.13724282,227.952925,58.25471209,33.67435593,,,,,,,,,,,,,,,
HLS.L30.T35JPL.2022246T080251.v2.0,35JPL,2022-09-03,LC08_L1TP_170078_20220903_20220903_02_RT,0,100,LaSRCv3.0.5,3.0556274,224.7400627,45.24731458,45.18821557,,,,,,,,,,,,,,,
HLS.L30.T35JPL.2022286T080245.v2.0,35JPL,2022-10-13,LC09_L1TP_170078_20221013_20221013_02_T1,1,100,LaSRCv3.0.5,3.04348532,226.6678607,32.04277722,58.85325902,,,,,,,,,,,,,,,
HLS.L30.T35LKF.2021175T082319.v2.0,35LKF,2021-06-24,LC08_L1TP_174069_20210624_20210630_02_T1,0,84,LaSRCv3.0.5,4.33413437,101.9859079,46.86065913,38.89205013,,,,,,,,,,,,,,,
HLS.L30.T35LKF.2022130T082321.v2.0,35LKF,2022-05-10,LC08_L1TP_174069_20220510_20220510_02_RT,0,84,LaSRCv3.0.5,4.32418294,102.0438589,41.68755467,43.02307654,,,,,,,,,,,,,,,
HLS.L30.T35LKF.2022170T082309.v2.0,35LKF,2022-06-19,LC09_L1TP_174069_20220619_20220620_02_T1,0,84,LaSRCv3.0.5,4.34899342,101.6362122,46.73444094,38.65319454,,,,,,,,,,,,,,,
HLS.L30.T35LKF.2022210T082351.v2.0,35LKF,2022-07-29,LC08_L1TP_174069_20220729_20220729_02_RT,4,84,LaSRCv3.0.5,4.31244698,102.0462127,44.04850427,44.27922824,,,,,,,,,,,,,,,
HLS.L30.T35LKF.2022250T082340.v2.0,35LKF,2022-09-07,LC09_L1TP_174069_20220907_20220908_02_T1,0,82,LaSRCv3.0.5,4.43866352,101.124696,34.41443629,57.84391867,,,,,,,,,,,,,,,
HLS.L30.T35LKF.2022290T082359.v2.0,35LKF,2022-10-17,LC08_L1TP_174069_20221017_20221017_02_RT,10,81,LaSRCv3.0.5,4.41736592,101.6564125,25.29593719,83.84523357,,,,,,,,,,,,,,,
HLS.L30.T35NMG.2021013T083049.v2.0,35NMG,2021-01-13,LC08_L1TP_176056_20210113_20210308_02_T1,0,100,LaSRCv3.0.5,3.41921237,236.0969511,38.61017864,135.7410822,,,,,,,,,,,,,,,
HLS.L30.T35NMG.2021093T083023.v2.0,35NMG,2021-04-03,LC08_L1TP_176056_20210403_20210409_02_T1,7,99,LaSRCv3.0.5,3.50491392,239.0520677,26.50581231,89.50183187,,,,,,,,,,,,,,,
HLS.L30.T35NMG.2022168T083016.v2.0,35NMG,2022-06-17,LC09_L1TP_176056_20220617_20220618_02_T1,1,99,LaSRCv3.0.5,3.53063634,242.3815861,30.62543997,52.38670419,,,,,,,,,,,,,,,
HLS.L30.T35SNC.2021057T084612.v2.0,35SNC,2021-02-26,LC08_L1TP_180033_20210226_20210304_02_T1,0,99,LaSRCv3.0.5,3.46272318,131.5706397,51.98033967,149.3186822,,,,,,,,,,,,,,,
HLS.L30.T35SNC.2021137T084548.v2.0,35SNC,2021-05-17,LC08_L1TP_180033_20210517_20210525_02_T1,8,99,LaSRCv3.0.5,3.41714498,133.0679384,25.66349426,131.923267,,,,,,,,,,,,,,,
HLS.L30.T35SNC.2021217T084616.v2.0,35SNC,2021-08-05,LC08_L1TP_180033_20210805_20210811_02_T1,0,99,LaSRCv3.0.5,3.50135249,130.1318435,28.99732859,131.6235389,,,,,,,,,,,,,,,
HLS.L30.T35SNC.2021297T084637.v2.0,35SNC,2021-10-24,LC08_L1TP_180033_20211024_20211103_02_T1,0,100,LaSRCv3.0.5,3,133,53,159,,,,,,,,,,,,,,,
HLS.L30.T35SNC.2022132T084549.v2.0,35SNC,2022-05-12,LC09_L1TP_180033_20220512_20220512_02_T1,3,100,LaSRCv3.0.5,3.33112226,137.5177765,26.64553953,133.6569965,,,,,,,,,,,,,,,
HLS.L30.T35SNC.2022212T084615.v2.0,35SNC,2022-07-31,LC09_L1TP_180033_20220731_20220731_02_T1,0,100,LaSRCv3.0.5,3.44071437,133.6674911,28.00807753,129.6547142,,,,,,,,,,,,,,,
HLS.L30.T35SNC.2022252T084647.v2.0,35SNC,2022-09-09,LC08_L1TP_180033_20220909_20220909_02_RT,0,100,LaSRCv3.0.5,3.38813344,134.1977129,37.73600157,146.2292313,,,,,,,,,,,,,,,
HLS.L30.T35SNC.2022292T084638.v2.0,35SNC,2022-10-19,LC09_L1TP_180033_20221019_20221019_02_T1,4,100,LaSRCv3.0.5,3.42719528,134.1123057,50.88458415,158.3347318,,,,,,,,,,,,,,,
HLS.L30.T36UXA.2021299T083104.v2.0,36UXA,2021-10-26,LC08_L1TP_178025_20211026_20211104_02_T1,1,100,LaSRCv3.0.5,2.5936449,176.6678277,63.63484524,165.7785406,,,,,,,,,,,,,,,
HLS.L30.T36UXA.2022046T083043.v2.0,36UXA,2022-02-15,LC08_L1TP_178025_20220215_20220215_02_RT,1,98,LaSRCv3.0.5,2.59236903,176.5302259,65.24781007,157.724553,,,,,,,,,,,,,,,
HLS.L30.T36UXA.2022126T083030.v2.0,36UXA,2022-05-06,LC08_L1TP_178025_20220506_20220506_02_RT,0,100,LaSRCv3.0.5,2.60144076,175.4737406,35.97415945,152.6466706,,,,,,,,,,,,,,,
HLS.L30.T36VVR.2021069T090339.v2.0,36VVR,2021-03-10,LC08_L1TP_184015_20210310_20210317_02_T1,0,59,LaSRCv3.0.5,5.47475954,111.9956934,68.27338131,164.8590304,,,,,,,,,,,,,,,
HLS.L30.T36VVR.2021083T091555.v2.0,36VVR,2021-03-24,LC08_L1TP_186015_20210324_20210402_02_T1,9,78,LaSRCv3.0.5,4.71198835,283.121844,62.49410917,167.9710582,,,,,,,,,,,,,,,
HLS.L30.T36VVR.2021108T090935.v2.0,36VVR,2021-04-18,LC08_L1TP_185015_20210418_20210424_02_T1,0,98,LaSRCv3.0.5,2.56426463,179.9957842,53.07773922,167.3340508,,,,,,,,,,,,,,,
HLS.L30.T36VVR.2021156T090942.v2.0,36VVR,2021-06-05,LC08_L1TP_185015_20210605_20210614_02_T1,0,100,LaSRCv3.0.5,2.61000703,174.5114041,41.49629271,165.9130054,,,,,,,,,,,,,,,
HLS.L30.T36VVR.2022086T091553.v2.0,36VVR,2022-03-27,LC08_L1TP_186015_20220327_20220327_02_RT,3,77,LaSRCv3.0.5,4.72714637,283.4939065,61.40155218,168.082468,,,,,,,,,,,,,,,
HLS.L30.T36VVR.2022126T091548.v2.0,36VVR,2022-05-06,LC09_L1TP_186015_20220506_20220506_02_T1,1,76,LaSRCv3.0.5,4.7691748,285.5402929,47.34331303,169.1482636,,,,,,,,,,,,,,,
HLS.L30.T36VVR.2022143T090952.v2.0,36VVR,2022-05-23,LC08_L1TP_185015_20220523_20220523_02_RT,0,100,LaSRCv3.0.5,2.62140782,173.4784975,43.41177462,166.9050887,,,,,,,,,,,,,,,
HLS.L30.T36VVR.2022238T091620.v2.0,36VVR,2022-08-26,LC09_L1TP_186015_20220826_20220826_02_T1,0,82,LaSRCv3.0.5,4.62629252,283.322583,53.63858948,168.4485736,,,,,,,,,,,,,,,
HLS.L30.T36VVR.2022294T091641.v2.0,36VVR,2022-10-21,LC08_L1TP_186015_20221021_20221021_02_RT,8,81,LaSRCv3.0.5,4.6692263,282.4590292,74.41834106,174.8519243,,,,,,,,,,,,,,,
HLS.L30.T37NCD.2022048T074146.v2.0,37NCD,2022-02-17,LC09_L1TP_168057_20220217_20220217_02_T1,0,97,LaSRCv3.0.5,3.70263061,120.1293248,33.63823203,117.1464582,,,,,,,,,,,,,,,
HLS.L30.T37NCD.2022248T074208.v2.0,37NCD,2022-09-05,LC08_L1TP_168057_20220905_20220905_02_RT,4,98,LaSRCv3.0.5,3.60834066,121.8671017,26.51588289,81.04502362,,,,,,,,,,,,,,,
HLS.L30.T37TEK.2022115T080105.v2.0,37TEK,2022-04-25,LC09_L1TP_173029_20220425_20220425_02_T1,0,52,LaSRCv3.0.5,5.9028904,105.6752241,35.40947043,146.4564388,,,,,,,,,,,,,,,
HLS.L30.T37TEK.2022155T080122.v2.0,37TEK,2022-06-04,LC08_L1TP_173029_20220604_20220604_02_RT,9,50,LaSRCv3.0.5,5.96695484,106.3408501,27.19442778,138.315793,,,,,,,,,,,,,,,
HLS.L30.T37TEK.2022210T080754.v2.0,37TEK,2022-07-29,LC08_L1TP_174029_20220729_20220729_02_RT,0,100,LaSRCv3.0.5,3.11345428,228.4552041,30.82178437,140.8607002,,,,,,,,,,,,,,,
HLS.L30.T37TEK.2022235T080152.v2.0,37TEK,2022-08-23,LC08_L1TP_173029_20220823_20220823_02_RT,0,51,LaSRCv3.0.5,5.91410273,106.3627946,37.45347391,146.2339043,,,,,,,,,,,,,,,
HLS.L30.T37UCB.2022061T083515.v2.0,37UCB,2022-03-02,LC09_L1TP_179021_20220302_20220305_02_T1,3,95,LaSRCv3.0.5,3.0700866,232.9534989,64.25678299,160.6593835,,,,,,,,,,,,,,,
HLS.L30.T37UCB.2022069T083512.v2.0,37UCB,2022-03-10,LC08_L1TP_179021_20220310_20220310_02_RT,0,98,LaSRCv3.0.5,3.20977715,236.1955633,61.12861786,160.4993685,,,,,,,,,,,,,,,
HLS.L30.T37UCB.2022174T082916.v2.0,37UCB,2022-06-23,LC08_L1TP_178021_20220623_20220624_02_RT,0,76,LaSRCv3.0.5,4.81087742,109.5115147,34.17024894,152.7389225,,,,,,,,,,,,,,,
HLS.L30.T37UCB.2022181T083528.v2.0,37UCB,2022-06-30,LC08_L1TP_179021_20220630_20220630_02_RT,0,100,LaSRCv3.0.5,3.14299573,233.4482577,34.20785935,154.4051667,,,,,,,,,,,,,,,
HLS.L30.T38SNH.2021156T073759.v2.0,38SNH,2021-06-05,LC08_L1TP_169033_20210605_20210614_02_T1,0,87,LaSRCv3.0.5,4.24317774,267.5843596,23.00170425,127.7418688,,,,,,,,,,,,,,,
HLS.L30.T38SNH.2021181T073155.v2.0,38SNH,2021-06-30,LC08_L1TP_168033_20210630_20210708_02_T1,0,62,LaSRCv3.0.5,5.3523938,106.2576663,24.15335552,122.5393261,,,,,,,,,,,,,,,
HLS.L30.T38SNH.2021188T073806.v2.0,38SNH,2021-07-07,LC08_L1TP_169033_20210707_20210713_02_T1,4,89,LaSRCv3.0.5,4.17717395,264.8565741,24.01012358,125.1535371,,,,,,,,,,,,,,,
HLS.L30.T38SNH.2021261T073219.v2.0,38SNH,2021-09-18,LC08_L1TP_168033_20210918_20210925_02_T1,8,62,LaSRCv3.0.5,5.39075325,106.1538059,40.72015735,149.1759313,,,,,,,,,,,,,,,
HLS.L30.T38SNH.2022088T073146.v2.0,38SNH,2022-03-29,LC08_L1TP_168033_20220329_20220329_02_RT,4,63,LaSRCv3.0.5,5.32468713,106.3014293,40.43726542,144.1677452,,,,,,,,,,,,,,,
HLS.L30.T38SNH.2022103T073804.v2.0,38SNH,2022-04-13,LC09_L1TP_169033_20220413_20220413_02_T1,5,86,LaSRCv3.0.5,4.27728442,270.7928377,34.39655339,143.1794565,,,,,,,,,,,,,,,
HLS.L30.T38SNH.2022111T073801.v2.0,38SNH,2022-04-21,LC08_L1TP_169033_20220421_20220421_02_RT,4,86,LaSRCv3.0.5,4.26797461,268.6627097,31.72995209,141.3654627,,,,,,,,,,,,,,,
HLS.L30.T38SNH.2022151T073743.v2.0,38SNH,2022-05-31,LC09_L1TP_169033_20220531_20220601_02_T1,7,88,LaSRCv3.0.5,4.20078659,268.2119322,23.39688743,129.1034192,,,,,,,,,,,,,,,
HLS.L30.T38SNH.2022168T073213.v2.0,38SNH,2022-06-17,LC08_L1TP_168033_20220617_20220617_02_RT,4,64,LaSRCv3.0.5,5.26863787,106.5117201,23.49334489,123.3318131,,,,,,,,,,,,,,,
HLS.L30.T38SNH.2022183T073804.v2.0,38SNH,2022-07-02,LC09_L1TP_169033_20220702_20220702_02_T1,0,87,LaSRCv3.0.5,4.25410611,270.0688315,23.53971863,124.6417478,,,,,,,,,,,,,,,
HLS.L30.T38SNH.2022191T073826.v2.0,38SNH,2022-07-10,LC08_L1TP_169033_20220710_20220710_02_RT,0,89,LaSRCv3.0.5,4.19476216,265.6820842,24.26882088,125.6482628,,,,,,,,,,,,,,,
HLS.L30.T38SNH.2022208T073202.v2.0,38SNH,2022-07-27,LC09_L1TP_168033_20220727_20220727_02_T1,1,63,LaSRCv3.0.5,5.37626719,105.6317003,27.47433819,127.724985,,,,,,,,,,,,,,,
HLS.L30.T38SNH.2022223T073842.v2.0,38SNH,2022-08-11,LC08_L1TP_169033_20220811_20220811_02_RT,0,87,LaSRCv3.0.5,4.2689278,268.438332,29.65346686,135.50917,,,,,,,,,,,,,,,
HLS.L30.T38SNH.2022248T073234.v2.0,38SNH,2022-09-05,LC08_L1TP_168033_20220905_20220905_02_RT,0,64,LaSRCv3.0.5,5.30187606,106.4047655,36.65915492,144.0927223,,,,,,,,,,,,,,,
HLS.L30.T38SNH.2022256T073218.v2.0,38SNH,2022-09-13,LC09_L1TP_168033_20220913_20220913_02_T1,0,63,LaSRCv3.0.5,5,106,39,147,,,,,,,,,,,,,,,
HLS.L30.T38SNH.2022263T073832.v2.0,38SNH,2022-09-20,LC09_L1TP_169033_20220920_20220920_02_T1,1,88,LaSRCv3.0.5,4.19846945,268.1569918,40.85960101,151.571517,,,,,,,,,,,,,,,
HLS.L30.T38SNH.2022271T073851.v2.0,38SNH,2022-09-28,LC08_L1TP_169033_20220928_20220928_02_RT,1,87,LaSRCv3.0.5,4.28241259,268.6396063,43.49800545,154.2861852,,,,,,,,,,,,,,,
HLS.L30.T38SNH.2022303T073851.v2.0,38SNH,2022-10-30,LC08_L1TP_169033_20221030_20221030_02_RT,6,86,LaSRCv3.0.5,4.27509436,268.6748469,54.19444092,161.1814209,,,,,,,,,,,,,,,
HLS.L30.T38SNH.2022328T073234.v2.0,38SNH,2022-11-24,LC08_L1TP_168033_20221124_20221124_02_RT,5,63,LaSRCv3.0.5,5.3053876,106.3946175,61.15569013,161.1398553,,,,,,,,,,,,,,,
HLS.L30.T39QYF.2021036T065316.v2.0,39QYF,2021-02-05,LC08_L1TP_161044_20210205_20210303_02_T1,0,100,LaSRCv3.0.5,2.87734476,215.4140607,46.78908724,143.6444285,,,,,,,,,,,,,,,
HLS.L30.T39QYF.2021116T065244.v2.0,39QYF,2021-04-26,LC08_L1TP_161044_20210426_20210501_02_T1,0,100,LaSRCv3.0.5,2.99054425,220.8049581,23.52931117,109.5361689,,,,,,,,,,,,,,,
HLS.L30.T39QYF.2021196T065303.v2.0,39QYF,2021-07-15,LC08_L1TP_161044_20210715_20210721_02_T1,0,100,LaSRCv3.0.5,2.84868721,213.9245524,22.92880433,88.99449937,,,,,,,,,,,,,,,
HLS.L30.T39QYF.2021276T065331.v2.0,39QYF,2021-10-03,LC08_L1TP_161044_20211003_20211013_02_T1,2,100,LaSRCv3.0.5,2.92044567,217.5860892,33.5927569,141.1100339,,,,,,,,,,,,,,,
HLS.L30.T39QYF.2022031T065325.v2.0,39QYF,2022-01-31,LC09_L1TP_161044_20220131_20220131_02_T1,0,100,LaSRCv3.0.5,3,221,48,145,,,,,,,,,,,,,,,
HLS.L30.T39QYF.2022071T065306.v2.0,39QYF,2022-03-12,LC08_L1TP_161044_20220312_20220312_02_RT,0,100,LaSRCv3.0.5,2.96287584,219.5532269,36.31812896,133.0776946,,,,,,,,,,,,,,,
HLS.L30.T39QYF.2022111T065254.v2.0,39QYF,2022-04-21,LC09_L1TP_161044_20220421_20220421_02_T1,0,100,LaSRCv3.0.5,2.93381481,220.2776957,24.52362502,113.0538544,,,,,,,,,,,,,,,
HLS.L30.T39QYF.2022151T065307.v2.0,39QYF,2022-05-31,LC08_L1TP_161044_20220531_20220531_02_RT,0,100,LaSRCv3.0.5,2.90704182,216.95649,20.93759483,88.51927884,,,,,,,,,,,,,,,
HLS.L30.T39QYF.2022231T065341.v2.0,39QYF,2022-08-19,LC08_L1TP_161044_20220819_20220824_02_T1,1,100,LaSRCv3.0.5,2.996766,221.0910785,24.99163085,110.0513033,,,,,,,,,,,,,,,
HLS.L30.T39QYF.2022271T065330.v2.0,39QYF,2022-09-28,LC09_L1TP_161044_20220928_20220928_02_T1,0,100,LaSRCv3.0.5,2.91346343,219.440383,32.22083534,138.2408223,,,,,,,,,,,,,,,
HLS.L30.T39QYF.2022311T065346.v2.0,39QYF,2022-11-07,LC08_L1TP_161044_20221107_20221107_02_RT,0,100,LaSRCv3.0.5,2.98703623,220.6689784,43.44817724,153.0055219,,,,,,,,,,,,,,,
HLS.L30.T39QYF.2022351T065335.v2.0,39QYF,2022-12-17,LC09_L1TP_161044_20221217_20221217_02_T1,2,100,LaSRCv3.0.5,2.90270412,218.86333,51.08423259,153.648902,,,,,,,,,,,,,,,
HLS.L30.T40VDP.2021133T072449.v2.0,40VDP,2021-05-13,LC08_L1TP_168016_20210513_20210524_02_T1,0,90,LaSRCv3.0.5,4.21919278,116.5657149,44.00336679,164.1456653,,,,,,,,,,,,,,,
HLS.L30.T40VDP.2022111T073115.v2.0,40VDP,2022-04-21,LC08_L1TP_169016_20220421_20220421_02_RT,9,98,LaSRCv3.0.5,3.1082313,235.4071893,50.44565398,166.4287777,,,,,,,,,,,,,,,
HLS.L30.T40VDP.2022151T073057.v2.0,40VDP,2022-05-31,LC09_L1TP_169016_20220531_20220601_02_T1,7,100,LaSRCv3.0.5,3.04435007,235.1740034,40.45926513,164.958785,,,,,,,,,,,,,,,
HLS.L30.T42UXG.2021072T061908.v2.0,42UXG,2021-03-13,LC08_L1TP_157021_20210313_20210318_02_T1,5,70,LaSRCv3.0.5,5.05512556,283.3804028,59.81972384,161.0016553,,,,,,,,,,,,,,,
HLS.L30.T42UXG.2021097T061250.v2.0,42UXG,2021-04-07,LC08_L1TP_156021_20210407_20210415_02_T1,3,84,LaSRCv3.0.5,2.84818629,159.9478692,50.17890284,159.4021261,,,,,,,,,,,,,,,
HLS.L30.T42UXG.2021145T061246.v2.0,42UXG,2021-05-25,LC08_L1TP_156021_20210525_20210529_02_T1,0,100,LaSRCv3.0.5,2.91907496,154.2739801,36.1193107,156.5449729,,,,,,,,,,,,,,,
HLS.L30.T42UXG.2021177T061258.v2.0,42UXG,2021-06-26,LC08_L1TP_156021_20210626_20210707_02_T1,5,100,LaSRCv3.0.5,2.93974113,153.3001916,34.19356151,153.2583911,,,,,,,,,,,,,,,
HLS.L30.T42UXG.2022067T061918.v2.0,42UXG,2022-03-08,LC09_L1TP_157021_20220308_20220308_02_T1,0,70,LaSRCv3.0.5,5.05266151,284.1315337,61.89785309,161.1030588,,,,,,,,,,,,,,,
HLS.L30.T42UXG.2022075T061911.v2.0,42UXG,2022-03-16,LC08_L1TP_157021_20220316_20220316_02_RT,0,68,LaSRCv3.0.5,5.13599494,283.6106487,58.71615968,160.9911241,,,,,,,,,,,,,,,
HLS.L30.T42UXG.2022100T061254.v2.0,42UXG,2022-04-10,LC08_L1TP_156021_20220410_20220410_02_RT,1,100,LaSRCv3.0.5,2.78158902,161.3519375,49.0677545,159.311466,,,,,,,,,,,,,,,
HLS.L30.T42UXG.2022115T061901.v2.0,42UXG,2022-04-25,LC09_L1TP_157021_20220425_20220425_02_T1,0,68,LaSRCv3.0.5,5.13482008,284.2761623,43.55970243,160.6762324,,,,,,,,,,,,,,,
HLS.L30.T43QGD.2021036T051446.v2.0,43QGD,2021-02-05,LC08_L1TP_145045_20210205_20210303_02_T1,0,100,LaSRCv3.0.5,2.72011212,161.9698777,45.71642146,141.9424431,,,,,,,,,,,,,,,
HLS.L30.T43QGD.2021356T051458.v2.0,43QGD,2021-12-22,LC08_L1TP_145045_20211222_20211222_02_RT,0,100,LaSRCv3.0.5,3,163,50,152,,,,,,,,,,,,,,,
HLS.L30.T43QGD.2022031T051456.v2.0,43QGD,2022-01-31,LC09_L1TP_145045_20220131_20220131_02_T1,0,100,LaSRCv3.0.5,2.67559783,166.8585412,46.84620001,143.3998727,,,,,,,,,,,,,,,
HLS.L30.T43QGD.2022071T051437.v2.0,43QGD,2022-03-12,LC08_L1TP_145045_20220312_20220312_02_RT,0,100,LaSRCv3.0.5,2.66955572,166.0540617,35.56826694,130.4809699,,,,,,,,,,,,,,,
HLS.L30.T43QGD.2022151T051438.v2.0,43QGD,2022-05-31,LC08_L1TP_145045_20220531_20220531_02_RT,4,100,LaSRCv3.0.5,2.69860857,163.6188115,21.63450803,83.78551309,,,,,,,,,,,,,,,
HLS.L30.T43QGD.2022311T051517.v2.0,43QGD,2022-11-07,LC08_L1TP_145045_20221107_20221107_02_RT,5,100,LaSRCv3.0.5,2.65644008,167.3299101,42.10299628,151.2948417,,,,,,,,,,,,,,,
HLS.L30.T43QGD.2022351T051506.v2.0,43QGD,2022-12-17,LC09_L1TP_145045_20221217_20221217_02_T1,1,100,LaSRCv3.0.5,2.69873395,165.0666001,49.73231218,152.3176479,,,,,,,,,,,,,,,
HLS.L30.T43VEJ.2021184T061710.v2.0,43VEJ,2021-07-03,LC08_L1TP_157016_20210703_20210712_02_T1,1,52,LaSRCv3.0.5,5.91115664,287.3100863,39.60388362,163.7867546,,,,,,,,,,,,,,,
HLS.L30.T43VEJ.2022044T061142.v2.0,43VEJ,2022-02-13,LC09_L1TP_156017_20220213_20220213_02_T1,0,97,LaSRCv3.0.5,2.75832102,221.0016787,75.96728126,165.346557,,,,,,,,,,,,,,,
HLS.L30.T43VEJ.2022069T060520.v2.0,43VEJ,2022-03-10,LC09_L1TP_155017_20220310_20220310_02_T1,0,80,LaSRCv3.0.5,4.58521202,111.9942751,66.82298275,163.6441832,,,,,,,,,,,,,,,
HLS.L30.T43VEJ.2022085T060452.v2.0,43VEJ,2022-03-26,LC09_L1TP_155016_20220326_20220326_02_T1,0,82,LaSRCv3.0.5,4.56348777,112.1747806,60.41877567,163.9508369,,,,,,,,,,,,,,,
HLS.L30.T43VEJ.2022092T061103.v2.0,43VEJ,2022-04-02,LC09_L1TP_156016_20220402_20220402_02_T1,0,99,LaSRCv3.0.5,2.81600983,223.9838872,57.51042063,165.7450348,,,,,,,,,,,,,,,
HLS.L30.T43VEJ.2022100T061054.v2.0,43VEJ,2022-04-10,LC08_L1TP_156016_20220410_20220410_02_RT,10,100,LaSRCv3.0.5,2.88791509,225.5266,54.44656645,165.951955,,,,,,,,,,,,,,,
HLS.L30.T43VEJ.2022147T061647.v2.0,43VEJ,2022-05-27,LC09_L1TP_157016_20220527_20220527_02_T1,0,51,LaSRCv3.0.5,5.90809438,287.7375313,41.02215348,166.4915439,,,,,,,,,,,,,,,
HLS.L30.T43VEJ.2022220T061114.v2.0,43VEJ,2022-08-08,LC09_L1TP_156016_20220808_20220808_02_T1,3,100,LaSRCv3.0.5,2.74896026,220.4620287,46.46674123,163.3319006,,,,,,,,,,,,,,,
HLS.L30.T43VEJ.2022259T061734.v2.0,43VEJ,2022-09-16,LC09_L1TP_157016_20220916_20220916_02_T1,5,51,LaSRCv3.0.5,5.91400544,287.7265179,59.52935455,169.8778143,,,,,,,,,,,,,,,
HLS.L30.T44UQE.2022022T051157.v2.0,44UQE,2022-01-22,LC09_L1TP_146022_20220122_20220122_02_T1,9,50,LaSRCv3.0.5,5.96806619,107.2246987,75.14572247,160.9737589,,,,,,,,,,,,,,,
HLS.L30.T44UQE.2022037T051759.v2.0,44UQE,2022-02-06,LC08_L1TP_147022_20220206_20220206_02_RT,6,97,LaSRCv3.0.5,2.58087517,197.229349,71.12817523,160.5574565,,,,,,,,,,,,,,,
HLS.L30.T44UQE.2022102T051134.v2.0,44UQE,2022-04-12,LC09_L1TP_146022_20220412_20220412_02_T1,1,53,LaSRCv3.0.5,5.89295874,107.2345377,46.92251462,156.6730596,,,,,,,,,,,,,,,
HLS.L30.T44UQE.2022134T051117.v2.0,44UQE,2022-05-14,LC09_L1TP_146022_20220514_20220514_02_T1,7,53,LaSRCv3.0.5,5.86863171,107.2319334,37.03985128,154.369098,,,,,,,,,,,,,,,
HLS.L30.T44UQE.2022262T051200.v2.0,44UQE,2022-09-19,LC09_L1TP_146022_20220919_20220919_02_T1,0,50,LaSRCv3.0.5,6.01433354,107.3146857,53.53919457,161.0613239,,,,,,,,,,,,,,,
HLS.L30.T44UQE.2022277T051828.v2.0,44UQE,2022-10-04,LC08_L1TP_147022_20221004_20221004_02_RT,3,100,LaSRCv3.0.5,2.58082095,197.7088681,58.90373458,165.2056383,,,,,,,,,,,,,,,
HLS.L30.T45QUD.2021097T044330.v2.0,45QUD,2021-04-07,LC08_L1TP_140045_20210407_20210415_02_T1,1,100,LaSRCv3.0.5,3.3506956,234.15588,27.27982176,118.0984077,,,,,,,,,,,,,,,
HLS.L30.T45QUD.2022052T044347.v2.0,45QUD,2022-02-21,LC08_L1TP_140045_20220221_20220221_02_RT,0,100,LaSRCv3.0.5,3.28824947,231.9748897,41.28125441,137.7527967,,,,,,,,,,,,,,,
HLS.L30.T45QUD.2022092T044342.v2.0,45QUD,2022-04-02,LC09_L1TP_140045_20220402_20220402_02_T1,9,100,LaSRCv3.0.5,3.36538,236.8835953,28.7013423,121.1577587,,,,,,,,,,,,,,,
HLS.L30.T45QUD.2022332T044411.v2.0,45QUD,2022-11-28,LC09_L1TP_140045_20221128_20221128_02_T1,1,100,LaSRCv3.0.5,3.28372731,234.054274,46.88276062,153.7446777,,,,,,,,,,,,,,,
HLS.L30.T45SWU.2022187T044612.v2.0,45SWU,2022-07-06,LC08_L1TP_141035_20220706_20220721_02_RT,7,99,LaSRCv3.0.5,3.50438946,240.0848121,22.64668877,116.3363278,,,,,,,,,,,,,,,
HLS.L30.T46VEL.2021205T045743.v2.0,46VEL,2021-07-24,LC08_L1TP_144018_20210724_20210730_02_T1,5,61,LaSRCv3.0.5,5.46803725,285.8245479,40.47321417,160.159005,,,,,,,,,,,,,,,
HLS.L30.T46VEL.2022040T045758.v2.0,46VEL,2022-02-09,LC09_L1TP_144018_20220209_20220209_02_T1,0,58,LaSRCv3.0.5,5.58621619,286.1967493,74.83710198,164.5497679,,,,,,,,,,,,,,,
HLS.L30.T46VEL.2022041T045139.v2.0,46VEL,2022-02-10,LC08_L1TP_143018_20220210_20220210_02_RT,1,99,LaSRCv3.0.5,2.5353451,190.278937,74.64219098,163.3211954,,,,,,,,,,,,,,,
HLS.L30.T46VEL.2022145T045103.v2.0,46VEL,2022-05-25,LC09_L1TP_143018_20220525_20220525_02_T1,5,100,LaSRCv3.0.5,2.54106347,196.1903091,39.13325377,161.4196486,,,,,,,,,,,,,,,
HLS.L30.T46VEL.2022305T045158.v2.0,46VEL,2022-11-01,LC09_L1TP_143018_20221101_20221101_02_T1,1,99,LaSRCv3.0.5,2.53481662,190.2478101,73.81191824,171.0520921,,,,,,,,,,,,,,,
HLS.L30.T47QQU.2021036T033705.v2.0,47QQU,2021-02-05,LC08_L1TP_129048_20210205_20210303_02_T1,0,100,LaSRCv3.0.5,2.69479876,203.5584586,42.55027758,138.4686171,,,,,,,,,,,,,,,
HLS.L30.T47QQU.2021356T033717.v2.0,47QQU,2021-12-22,LC08_L1TP_129048_20211222_20211222_02_RT,2,100,LaSRCv3.0.5,2.71162341,204.8805922,46.3970118,149.1645221,,,,,,,,,,,,,,,
HLS.L30.T47QQU.2022031T033714.v2.0,47QQU,2022-01-31,LC09_L1TP_129048_20220131_20220131_02_T1,0,100,LaSRCv3.0.5,2.73847061,208.9815368,43.59133036,140.1365378,,,,,,,,,,,,,,,
HLS.L30.T47QQU.2022071T033656.v2.0,47QQU,2022-03-12,LC08_L1TP_129048_20220312_20220312_02_RT,10,100,LaSRCv3.0.5,2.75143394,207.6473462,33.18933271,124.719306,,,,,,,,,,,,,,,
HLS.L30.T47QQU.2022311T033736.v2.0,47QQU,2022-11-07,LC08_L1TP_129048_20221107_20221107_02_RT,5,100,LaSRCv3.0.5,2.77515381,209.2288562,38.4168171,147.9672236,,,,,,,,,,,,,,,
HLS.L30.T48WXE.2021095T044132.v2.0,48WXE,2021-04-05,LC08_L1TP_142009_20210405_20210409_02_T1,2,94,LaSRCv3.0.5,3.81487271,271.9099121,65.43303795,178.9574812,,,,,,,,,,,,,,,
HLS.L30.T48WXE.2021216T043541.v2.0,48WXE,2021-08-04,LC08_L1TP_141009_20210804_20210811_02_T1,9,100,LaSRCv3.0.5,2.56343078,184.3088787,54.40616893,176.2846608,,,,,,,,,,,,,,,
HLS.L30.T48WXE.2022075T043532.v2.0,48WXE,2022-03-16,LC08_L1TP_141009_20220316_20220316_02_RT,7,100,LaSRCv3.0.5,2.52190537,190.4729545,73.36146312,175.9814413,,,,,,,,,,,,,,,
HLS.L30.T48WXE.2022082T044137.v2.0,48WXE,2022-03-23,LC08_L1TP_142009_20220323_20220323_02_RT,7,95,LaSRCv3.0.5,3.81457623,271.8639332,70.58316167,177.9849248,,,,,,,,,,,,,,,
HLS.L30.T48WXE.2022098T044135.v2.0,48WXE,2022-04-08,LC08_L1TP_142009_20220408_20220408_02_RT,9,94,LaSRCv3.0.5,3.86555929,273.3036064,64.39296045,179.1595101,,,,,,,,,,,,,,,
HLS.L30.T48WXE.2022100T042914.v2.0,48WXE,2022-04-10,LC08_L1TP_140009_20220410_20220410_02_RT,0,90,LaSRCv3.0.5,4.23287513,123.9811617,63.63079587,176.1931178,,,,,,,,,,,,,,,
HLS.L30.T48WXE.2022105T044748.v2.0,48WXE,2022-04-15,LC08_L1TP_143009_20220415_20220415_02_RT,3,56,LaSRCv3.0.5,5.78269075,297.3944452,61.89113061,180.7651455,,,,,,,,,,,,,,,
HLS.L30.T48WXE.2022115T043522.v2.0,48WXE,2022-04-25,LC09_L1TP_141009_20220425_20220425_02_T1,5,100,LaSRCv3.0.5,2.51809869,192.7255523,58.38604046,178.5804019,,,,,,,,,,,,,,,
HLS.L30.T48WXE.2022122T044131.v2.0,48WXE,2022-05-02,LC09_L1TP_142009_20220502_20220502_02_T1,0,94,LaSRCv3.0.5,3.84181194,274.7583075,56.21302251,180.5327228,,,,,,,,,,,,,,,
HLS.L30.T48WXE.2022123T043525.v2.0,48WXE,2022-05-03,LC08_L1TP_141009_20220503_20220503_02_RT,3,100,LaSRCv3.0.5,2.55769448,184.9511782,55.89799647,178.8916494,,,,,,,,,,,,,,,
HLS.L30.T48WXE.2022138T044120.v2.0,48WXE,2022-05-18,LC09_L1TP_142009_20220518_20220518_02_T1,0,94,LaSRCv3.0.5,4,275,52,181,,,,,,,,,,,,,,,
HLS.L30.T48WXE.2022153T044758.v2.0,48WXE,2022-06-02,LC08_L1TP_143009_20220602_20220602_02_RT,0,56,LaSRCv3.0.5,5.73816237,297.3951063,49.46518931,181.5968719,,,,,,,,,,,,,,,
HLS.L30.T48WXE.2022163T043511.v2.0,48WXE,2022-06-12,LC09_L1TP_141009_20220612_20220612_02_T1,4,100,LaSRCv3.0.5,2.56612537,185.3524525,48.41958637,177.8889743,,,,,,,,,,,,,,,
HLS.L30.T48WXE.2022177T044751.v2.0,48WXE,2022-06-26,LC09_L1TP_143009_20220626_20220803_02_T1,0,56,LaSRCv3.0.5,5.76254615,297.8362994,48.28464708,180.0375827,,,,,,,,,,,,,,,
HLS.L30.T48WXE.2022226T044218.v2.0,48WXE,2022-08-14,LC08_L1TP_142009_20220814_20220814_02_RT,2,96,LaSRCv3.0.5,3.70855398,268.9040611,57.21162973,178.5491948,,,,,,,,,,,,,,,
HLS.L30.T48WXE.2022227T043548.v2.0,48WXE,2022-08-15,LC09_L1TP_141009_20220815_20220815_02_T1,2,100,LaSRCv3.0.5,2.55054753,187.4201416,57.52156631,176.8406947,,,,,,,,,,,,,,,
HLS.L30.T48WXE.2022266T044208.v2.0,48WXE,2022-09-23,LC09_L1TP_142009_20220923_20220923_02_T1,7,94,LaSRCv3.0.5,3.65825103,269.78166,71.63909178,181.8749421,,,,,,,,,,,,,,,
HLS.L30.T49QGG.2021019T025151.v2.0,49QGG,2021-01-19,LC08_L1TP_122043_20210119_20210306_02_T1,0,100,LaSRCv3.0.5,3.19053521,140.0349979,51.01793533,147.8753628,,,,,,,,,,,,,,,
HLS.L30.T49QGG.2021339T025204.v2.0,49QGG,2021-12-05,LC08_L1TP_122043_20211205_20211205_02_RT,0,100,LaSRCv3.0.5,3.09436659,143.6224657,50.59999948,154.5362583,,,,,,,,,,,,,,,
HLS.L30.T49QGG.2022094T025139.v2.0,49QGG,2022-04-04,LC09_L1TP_122043_20220404_20220404_02_T1,0,100,LaSRCv3.0.5,3.02635145,147.7158862,29.65416378,124.1070464,,,,,,,,,,,,,,,
HLS.L30.T49QGG.2022294T025218.v2.0,49QGG,2022-10-21,LC08_L1TP_122043_20221021_20221021_02_RT,7,100,LaSRCv3.0.5,3.06632778,144.7088109,39.47673965,148.8625144,,,,,,,,,,,,,,,
HLS.L30.T49TFE.2021040T030559.v2.0,49TFE,2021-02-09,LC08_L1TP_125032_20210209_20210302_02_T1,4,79,LaSRCv3.0.5,4.55935312,107.4457947,59.15006163,152.6239466,,,,,,,,,,,,,,,
HLS.L30.T49TFE.2022170T031145.v2.0,49TFE,2022-06-19,LC09_L1TP_126032_20220619_20220620_02_T1,5,74,LaSRCv3.0.5,4.80015283,279.9738756,23.59213644,129.2938139,,,,,,,,,,,,,,,
HLS.L30.T49TFE.2022250T031216.v2.0,49TFE,2022-09-07,LC09_L1TP_126032_20220907_20220907_02_T1,0,75,LaSRCv3.0.5,4.7494304,279.6957737,38.01745979,148.6443018,,,,,,,,,,,,,,,
HLS.L30.T49TFE.2022290T031235.v2.0,49TFE,2022-10-17,LC08_L1TP_126032_20221017_20221017_02_RT,6,75,LaSRCv3.0.5,4.78680113,279.0423858,51.43171344,160.2271661,,,,,,,,,,,,,,,
HLS.L30.T49TFE.2022330T031230.v2.0,49TFE,2022-11-26,LC09_L1TP_126032_20221126_20221126_02_T1,9,74,LaSRCv3.0.5,4.78846278,279.8987134,62.87915886,163.1858964,,,,,,,,,,,,,,,
HLS.L30.T49UFT.2021061T032049.v2.0,49UFT,2021-03-02,LC08_L1TP_128023_20210302_20210311_02_T1,7,100,LaSRCv3.0.5,2.57047116,181.9761892,61.30873902,157.8231761,,,,,,,,,,,,,,,
HLS.L30.T49UFT.2021093T032036.v2.0,49UFT,2021-04-03,LC08_L1TP_128023_20210403_20210409_02_T1,1,100,LaSRCv3.0.5,2.56174623,184.2118914,48.64220975,156.7154698,,,,,,,,,,,,,,,
HLS.L30.T49UFT.2021301T032116.v2.0,49UFT,2021-10-28,LC08_L1TP_128023_20211028_20211104_02_T1,5,100,LaSRCv3.0.5,2.56594031,182.5753368,65.86490461,166.8739304,,,,,,,,,,,,,,,
HLS.L30.T49UFT.2022088T032047.v2.0,49UFT,2022-03-29,LC09_L1TP_128023_20220329_20220329_02_T1,9,100,LaSRCv3.0.5,2.56018296,185.1373168,50.69095883,156.9280264,,,,,,,,,,,,,,,
HLS.L30.T49UFT.2022128T032042.v2.0,49UFT,2022-05-08,LC08_L1TP_128023_20220508_20220508_02_RT,0,100,LaSRCv3.0.5,2.56918803,181.5081426,36.90636426,154.6225707,,,,,,,,,,,,,,,
HLS.L30.T49UFT.2022296T032117.v2.0,49UFT,2022-10-23,LC09_L1TP_128023_20221023_20221023_02_T1,6,100,LaSRCv3.0.5,2.56405532,183.2074513,64.10908678,166.4321155,,,,,,,,,,,,,,,
HLS.L30.T50HMH.2022008T020607.v2.0,50HMH,2022-01-08,LC09_L1TP_112083_20220108_20220122_02_T1,0,96,LaSRCv3.0.5,3.86081654,257.766011,31.64092086,77.21832724,,,,,,,,,,,,,,,
HLS.L30.T50HMH.2022048T020555.v2.0,50HMH,2022-02-17,LC08_L1TP_112083_20220217_20220217_02_RT,0,97,LaSRCv3.0.5,3.82268589,253.0685211,38.98831539,64.44212743,,,,,,,,,,,,,,,
HLS.L30.T50HMH.2022273T020002.v2.0,50HMH,2022-09-30,LC09_L1TP_111083_20220930_20220930_02_T1,0,50,LaSRCv3.0.5,5.96570796,101.8788488,42.32689769,49.13778427,,,,,,,,,,,,,,,
HLS.L30.T50JPM.2021118T015827.v2.0,50JPM,2021-04-28,LC08_L1TP_111081_20210428_20210507_02_T1,0,100,LaSRCv3.0.5,2.55507009,192.0751785,53.65809932,38.51332992,,,,,,,,,,,,,,,
HLS.L30.T50JPM.2021358T015911.v2.0,50JPM,2021-12-24,LC08_L1TP_111081_20211224_20211224_02_RT,0,100,LaSRCv3.0.5,2.5486296,190.8532406,28.79242223,83.78733867,,,,,,,,,,,,,,,
HLS.L30.T50JPM.2022033T015909.v2.0,50JPM,2022-02-02,LC09_L1TP_111081_20220202_20220202_02_T1,0,100,LaSRCv3.0.5,2.56149392,195.3955961,34.60347654,75.17057329,,,,,,,,,,,,,,,
HLS.L30.T50JPM.2022073T015849.v2.0,50JPM,2022-03-14,LC08_L1TP_111081_20220314_20220314_02_RT,0,100,LaSRCv3.0.5,2.55307068,191.7252228,42.46256012,55.85380334,,,,,,,,,,,,,,,
HLS.L30.T50JPM.2022113T015838.v2.0,50JPM,2022-04-23,LC09_L1TP_111081_20220423_20220423_02_T1,7,100,LaSRCv3.0.5,2.55210363,193.0091001,52.34880123,39.88237368,,,,,,,,,,,,,,,
HLS.L30.T50JPM.2022153T015853.v2.0,50JPM,2022-06-02,LC08_L1TP_111081_20220602_20220602_02_RT,0,100,LaSRCv3.0.5,2.57298835,194.9205346,60.41702544,33.43129923,,,,,,,,,,,,,,,
HLS.L30.T50JPM.2022193T015842.v2.0,50JPM,2022-07-12,LC09_L1TP_111081_20220712_20220712_02_T1,0,100,LaSRCv3.0.5,2.56480158,195.6704435,61.22185569,35.31602158,,,,,,,,,,,,,,,
HLS.L30.T50JPM.2022233T015925.v2.0,50JPM,2022-08-21,LC08_L1TP_111081_20220821_20220821_02_RT,0,100,LaSRCv3.0.5,2.59341221,197.454825,52.65775788,41.14176452,,,,,,,,,,,,,,,
HLS.L30.T50JPM.2022273T015914.v2.0,50JPM,2022-09-30,LC09_L1TP_111081_20220930_20220930_02_T1,2,100,LaSRCv3.0.5,2.56698514,196.1167266,38.97051662,50.59274901,,,,,,,,,,,,,,,
HLS.L30.T50JPM.2022353T015918.v2.0,50JPM,2022-12-19,LC09_L1TP_111081_20221219_20221219_02_T1,0,100,LaSRCv3.0.5,2.55376376,193.8606512,28.20918384,83.30494431,,,,,,,,,,,,,,,
HLS.L30.T50JQS.2021118T015651.v2.0,50JQS,2021-04-28,LC08_L1TP_111077_20210428_20210507_02_T1,0,100,LaSRCv3.0.5,2.72791727,156.2112989,49.80942119,40.15257357,,,,,,,,,,,,,,,
HLS.L30.T50JQS.2021278T015740.v2.0,50JQS,2021-10-05,LC08_L1TP_111077_20211005_20211013_02_T1,0,100,LaSRCv3.0.5,2.70652748,157.7399634,34.11797712,56.71664426,,,,,,,,,,,,,,,
HLS.L30.T50JQS.2021358T015735.v2.0,50JQS,2021-12-24,LC08_L1TP_111077_20211224_20211224_02_RT,0,100,LaSRCv3.0.5,2.75324284,154.5991938,28.07042755,91.82317772,,,,,,,,,,,,,,,
HLS.L30.T50JQS.2022073T015714.v2.0,50JQS,2022-03-14,LC08_L1TP_111077_20220314_20220314_02_RT,0,100,LaSRCv3.0.5,2.7350922,155.7390254,39.58162308,59.63014701,,,,,,,,,,,,,,,
HLS.L30.T50JQS.2022113T015702.v2.0,50JQS,2022-04-23,LC09_L1TP_111077_20220423_20220423_02_T1,0,100,LaSRCv3.0.5,2.75713945,156.3881912,48.56229588,41.69292429,,,,,,,,,,,,,,,
HLS.L30.T50JQS.2022153T015717.v2.0,50JQS,2022-06-02,LC08_L1TP_111077_20220602_20220602_02_RT,6,100,LaSRCv3.0.5,2.69662291,158.3704854,56.35557378,34.41690815,,,,,,,,,,,,,,,
HLS.L30.T50JQS.2022193T015706.v2.0,50JQS,2022-07-12,LC09_L1TP_111077_20220712_20220712_02_T1,1,100,LaSRCv3.0.5,2.72070862,158.8450878,57.23145317,36.3388605,,,,,,,,,,,,,,,
HLS.L30.T50JQS.2022233T015749.v2.0,50JQS,2022-08-21,LC08_L1TP_111077_20220821_20220821_02_RT,0,100,LaSRCv3.0.5,2.65965861,161.2474538,48.93045041,42.99415131,,,,,,,,,,,,,,,
HLS.L30.T50JQS.2022313T015754.v2.0,50JQS,2022-11-09,LC08_L1TP_111077_20221109_20221109_02_RT,4,100,LaSRCv3.0.5,2.68813806,159.0890371,26.50490311,75.56429333,,,,,,,,,,,,,,,
HLS.L30.T50RPP.2022353T023312.v2.0,50RPP,2022-12-19,LC08_L1TP_119042_20221219_20221219_02_RT,0,100,LaSRCv3.0.5,3.25363364,138.0165018,53.67396165,154.3451521,,,,,,,,,,,,,,,
HLS.L30.T51TVG.2021293T023436.v2.0,51TVG,2021-10-20,LC08_L1TP_120030_20211020_20211026_02_T1,0,92,LaSRCv3.0.5,4.06007952,261.5111941,54.15071878,161.6120344,,,,,,,,,,,,,,,
HLS.L30.T51TVG.2021318T022845.v2.0,51TVG,2021-11-14,LC08_L1TP_119031_20211114_20211114_02_RT,1,64,LaSRCv3.0.5,5.28375345,106.98932,62.02016351,162.5120851,,,,,,,,,,,,,,,
HLS.L30.T51TVG.2021341T023432.v2.0,51TVG,2021-12-07,LC08_L1TP_120030_20211207_20211207_02_RT,6,92,LaSRCv3.0.5,4.04466769,260.6404773,66.41705396,163.1582937,,,,,,,,,,,,,,,
HLS.L30.T51TVG.2022033T022832.v2.0,51TVG,2022-02-02,LC08_L1TP_119031_20220202_20220202_02_RT,8,65,LaSRCv3.0.5,5,107,63,154,,,,,,,,,,,,,,,
HLS.L30.T51TVG.2022056T023412.v2.0,51TVG,2022-02-25,LC08_L1TP_120030_20220225_20220225_02_RT,5,92,LaSRCv3.0.5,4,261,55,153,,,,,,,,,,,,,,,
HLS.L30.T51TVG.2022296T023446.v2.0,51TVG,2022-10-23,LC08_L1TP_120030_20221023_20221023_02_RT,5,92,LaSRCv3.0.5,4.06175481,261.5545625,55.06711651,162.0717127,,,,,,,,,,,,,,,
HLS.L30.T51TVG.2022353T022849.v2.0,51TVG,2022-12-19,LC08_L1TP_119031_20221219_20221219_02_RT,1,65,LaSRCv3.0.5,5.25518279,107.0319802,67.7367712,160.8447551,,,,,,,,,,,,,,,
HLS.L30.T52VEP.2021076T023437.v2.0,52VEP,2021-03-17,LC08_L1TP_121016_20210317_20210328_02_T1,1,99,LaSRCv3.0.5,2.67554101,213.1828396,63.85632161,165.1240464,,,,,,,,,,,,,,,
HLS.L30.T52VEP.2021156T023433.v2.0,52VEP,2021-06-05,LC08_L1TP_121016_20210605_20210614_02_T1,0,100,LaSRCv3.0.5,2.65880748,212.0429309,39.88438908,164.2556774,,,,,,,,,,,,,,,
HLS.L30.T52VEP.2021211T024100.v2.0,52VEP,2021-07-30,LC08_L1TP_122016_20210730_20210804_02_T1,0,56,LaSRCv3.0.5,5.72505559,287.2824696,44.08569652,163.9568292,,,,,,,,,,,,,,,
HLS.L30.T52VEP.2022054T024100.v2.0,52VEP,2022-02-23,LC08_L1TP_122016_20220223_20220223_02_RT,7,53,LaSRCv3.0.5,5.83684087,287.2205816,72.44182157,166.0921948,,,,,,,,,,,,,,,
HLS.L30.T52VEP.2022056T022902.v2.0,52VEP,2022-02-25,LC08_L1TP_120017_20220225_20220225_02_RT,5,79,LaSRCv3.0.5,4.68463178,111.7725274,71.90927367,163.607289,,,,,,,,,,,,,,,
HLS.L30.T52VEP.2022064T022902.v2.0,52VEP,2022-03-05,LC09_L1TP_120017_20220305_20220305_02_T1,1,78,LaSRCv3.0.5,4.755409,110.890042,68.84996278,163.5692636,,,,,,,,,,,,,,,
HLS.L30.T52VEP.2022086T024045.v2.0,52VEP,2022-03-27,LC08_L1TP_122016_20220327_20220327_02_RT,0,52,LaSRCv3.0.5,5.85110784,287.2132628,59.88586771,166.6301946,,,,,,,,,,,,,,,
HLS.L30.T52VEP.2022119T023432.v2.0,52VEP,2022-04-29,LC09_L1TP_121016_20220429_20220429_02_T1,6,100,LaSRCv3.0.5,2.7229821,218.750543,47.9182697,166.1082304,,,,,,,,,,,,,,,
HLS.L30.T52VEP.2022159T023452.v2.0,52VEP,2022-06-08,LC08_L1TP_121016_20220608_20220608_02_RT,8,100,LaSRCv3.0.5,2.6613628,211.9266164,39.61706304,164.1134459,,,,,,,,,,,,,,,
HLS.L30.T52VEP.2022174T024048.v2.0,52VEP,2022-06-23,LC09_L1TP_122016_20220623_20220624_02_T1,0,54,LaSRCv3.0.5,5.79486025,287.6848587,39.05571463,164.320014,,,,,,,,,,,,,,,
HLS.L30.T52VEP.2022176T022853.v2.0,52VEP,2022-06-25,LC09_L1TP_120017_20220625_20220625_02_T1,4,79,LaSRCv3.0.5,4.73637055,111.0816678,39.35967967,160.7198332,,,,,,,,,,,,,,,
HLS.L30.T52VEP.2022206T024056.v2.0,52VEP,2022-07-25,LC09_L1TP_122016_20220725_20220725_02_T1,0,55,LaSRCv3.0.5,5.73179348,287.6898431,42.9062796,163.6495874,,,,,,,,,,,,,,,
HLS.L30.T52VEP.2022264T022939.v2.0,52VEP,2022-09-21,LC08_L1TP_120017_20220921_20220921_02_RT,2,79,LaSRCv3.0.5,4.69223588,111.8065387,61.47899078,167.8641182,,,,,,,,,,,,,,,
HLS.L30.T53JQJ.2021082T004344.v2.0,53JQJ,2021-03-23,LC08_L1TP_099079_20210323_20210402_02_T1,0,97,LaSRCv3.0.5,2.47943736,187.2205436,43.28713692,52.66040538,,,,,,,,,,,,,,,
HLS.L30.T53JQJ.2022157T004327.v2.0,53JQJ,2022-06-06,LC09_L1TP_099079_20220606_20220606_02_T1,6,99,LaSRCv3.0.5,2.54814958,194.0858726,59.27430044,33.69993647,,,,,,,,,,,,,,,
HLS.L30.T54LXK.2022134T003321.v2.0,54LXK,2022-05-14,LC09_L1TP_098069_20220514_20220514_02_T1,0,100,LaSRCv3.0.5,2.59128802,171.8852396,42.8932828,41.22409231,,,,,,,,,,,,,,,
HLS.L30.T54LXK.2022174T003358.v2.0,54LXK,2022-06-23,LC08_L1TP_098069_20220623_20220624_02_RT,0,100,LaSRCv3.0.5,2.56670512,174.0106121,47.32785053,37.96525416,,,,,,,,,,,,,,,
HLS.L30.T54VWP.2021116T014456.v2.0,54VWP,2021-04-26,LC08_L1TP_113016_20210426_20210501_02_T1,1,100,LaSRCv3.0.5,2.54075025,186.8555085,48.85435488,165.6056676,,,,,,,,,,,,,,,
HLS.L30.T54VWP.2021219T015137.v2.0,54VWP,2021-08-07,LC08_L1TP_114016_20210807_20210811_02_T1,2,73,LaSRCv3.0.5,4.97877784,285.7959012,46.13746576,164.3387773,,,,,,,,,,,,,,,
HLS.L30.T55HEU.2021009T235729.v2.0,55HEU,2021-01-09,LC08_L1TP_091086_20210109_20210307_02_T1,0,100,LaSRCv3.0.5,2.70556264,208.2955001,33.76810595,72.48351455,,,,,,,,,,,,,,,
HLS.L30.T55JBL.2021038T001854.v2.0,55JBL,2021-02-07,LC08_L1TP_095078_20210207_20210302_02_T1,0,100,LaSRCv3.0.5,3,235,34,77,,,,,,,,,,,,,,,
HLS.L30.T55JBL.2021198T001843.v2.0,55JBL,2021-07-17,LC08_L1TP_095078_20210717_20210729_02_T1,0,100,LaSRCv3.0.5,3.38990007,236.6706721,57.18626422,36.33215218,,,,,,,,,,,,,,,
HLS.L30.T55JBL.2021278T001911.v2.0,55JBL,2021-10-05,LC08_L1TP_095078_20211005_20211013_02_T1,0,100,LaSRCv3.0.5,3,239,34,55,,,,,,,,,,,,,,,
HLS.L30.T55JBL.2022193T001837.v2.0,55JBL,2022-07-12,LC09_L1TP_095078_20220712_20220712_02_T1,1,100,LaSRCv3.0.5,3,241,58,36,,,,,,,,,,,,,,,
HLS.L30.T55JBL.2022233T001920.v2.0,55JBL,2022-08-21,LC08_L1TP_095078_20220821_20220821_02_RT,0,99,LaSRCv3.0.5,4,243,49,42,,,,,,,,,,,,,,,
HLS.L30.T55JGH.2022012T235506.v2.0,55JGH,2022-01-12,LC08_L1TP_091080_20220112_20220113_02_RT,10,100,LaSRCv3.0.5,3,170,31,83,,,,,,,,,,,,,,,
HLS.L30.T55JGH.2022172T235506.v2.0,55JGH,2022-06-21,LC08_L1TP_091080_20220621_20220624_02_RT,0,100,LaSRCv3.0.5,2.53066705,178.1530285,61.16147561,33.75837914,,,,,,,,,,,,,,,
HLS.L30.T55JGH.2022332T235526.v2.0,55JGH,2022-11-28,LC08_L1TP_091080_20221128_20221129_02_RT,0,100,LaSRCv3.0.5,2.54476215,174.2284015,26.86567076,79.38828152,,,,,,,,,,,,,,,
HLS.L30.T55JHM.2021137T235318.v2.0,55JHM,2021-05-17,LC08_L1TP_091077_20210517_20210525_02_T1,0,100,LaSRCv3.0.5,2.53975106,175.7995895,53.96652187,35.83604099,,,,,,,,,,,,,,,
HLS.L30.T55JHM.2021217T235346.v2.0,55JHM,2021-08-05,LC08_L1TP_091077_20210805_20210811_02_T1,0,100,LaSRCv3.0.5,2.55984951,171.6266106,52.89308574,40.07671021,,,,,,,,,,,,,,,
,,,,,,,,,,,,,,,,,,,,,,,,,
,,,,,,,,,,,,,,,,,,,,,,,,,
,,,,,,,,,,,,,,,,,,,,,,,,,
,,,,,,,,,,,,,,,,,,,,,,,,,
,,,,,,,,,,,,,,,,,,,,,,,,,
,,,,,,,,,,,,,,,,,,,,,,,,,
,,,,,,,,,,,,,,,,,,,,,,,,,
,,,,,,,,,,,,,,,,,,,,,,,,,
,,,,,,,,,,,,,,,,,,,,,,,,,
,,,,,,,,,,,,,,,,,,,,,,,,,
,,,,,,,,,,,,,,,,,,,,,,,,,
,,,,,,,,,,,,,,,,,,,,,,,,,
,,,,,,,,,,,,,,,,,,,,,,,,,
,,,,,,,,,,,,,,,,,,,,,,,,,
,,,,,,,,,,,,,,,,,,,,,,,,,
,,,,,,,,,,,,,,,,,,,,,,,,,
,,,,,,,,,,,,,,,,,,,,,,,,,
,,,,,,,,,,,,,,,,,,,,,,,,,
,,,,,,,,,,,,,,,,,,,,,,,,,
,,,,,,,,,,,,,,,,,,,,,,,,,
,,,,,,,,,,,,,,,,,,,,,,,,,
,,,,,,,,,,,,,,,,,,,,,,,,,
,,,,,,,,,,,,,,,,,,,,,,,,,
,,,,,,,,,,,,,,,,,,,,,,,,,
,,,,,,,,,,,,,,,,,,,,,,,,,
,,,,,,,,,,,,,,,,,,,,,,,,,
,,,,,,,,,,,,,,,,,,,,,,,,,
,,,,,,,,,,,,,,,,,,,,,,,,,
,,,,,,,,,,,,,,,,,,,,,,,,,
,,,,,,,,,,,,,,,,,,,,,,,,,
,,,,,,,,,,,,,,,,,,,,,,,,,
,,,,,,,,,,,,,,,,,,,,,,,,,
,,,,,,,,,,,,,,,,,,,,,,,,,
,,,,,,,,,,,,,,,,,,,,,,,,,
,,,,,,,,,,,,,,,,,,,,,,,,,
,,,,,,,,,,,,,,,,,,,,,,,,,
,,,,,,,,,,,,,,,,,,,,,,,,,
,,,,,,,,,,,,,,,,,,,,,,,,,
,,,,,,,,,,,,,,,,,,,,,,,,,
,,,,,,,,,,,,,,,,,,,,,,,,,
,,,,,,,,,,,,,,,,,,,,,,,,,
,,,,,,,,,,,,,,,,,,,,,,,,,
,,,,,,,,,,,,,,,,,,,,,,,,,
,,,,,,,,,,,,,,,,,,,,,,,,,
,,,,,,,,,,,,,,,,,,,,,,,,,
,,,,,,,,,,,,,,,,,,,,,,,,,
,,,,,,,,,,,,,,,,,,,,,,,,,
,,,,,,,,,,,,,,,,,,,,,,,,,
,,,,,,,,,,,,,,,,,,,,,,,,,
,,,,,,,,,,,,,,,,,,,,,,,,,
,,,,,,,,,,,,,,,,,,,,,,,,,
,,,,,,,,,,,,,,,,,,,,,,,,,
,,,,,,,,,,,,,,,,,,,,,,,,,
,,,,,,,,,,,,,,,,,,,,,,,,,
,,,,,,,,,,,,,,,,,,,,,,,,,
,,,,,,,,,,,,,,,,,,,,,,,,,
,,,,,,,,,,,,,,,,,,,,,,,,,
,,,,,,,,,,,,,,,,,,,,,,,,,
,,,,,,,,,,,,,,,,,,,,,,,,,
,,,,,,,,,,,,,,,,,,,,,,,,,
,,,,,,,,,,,,,,,,,,,,,,,,,
,,,,,,,,,,,,,,,,,,,,,,,,,
,,,,,,,,,,,,,,,,,,,,,,,,,
,,,,,,,,,,,,,,,,,,,,,,,,,
,,,,,,,,,,,,,,,,,,,,,,,,,
,,,,,,,,,,,,,,,,,,,,,,,,,
,,,,,,,,,,,,,,,,,,,,,,,,,
,,,,,,,,,,,,,,,,,,,,,,,,,
,,,,,,,,,,,,,,,,,,,,,,,,,
,,,,,,,,,,,,,,,,,,,,,,,,,
,,,,,,,,,,,,,,,,,,,,,,,,,
,,,,,,,,,,,,,,,,,,,,,,,,,
,,,,,,,,,,,,,,,,,,,,,,,,,
,,,,,,,,,,,,,,,,,,,,,,,,,
,,,,,,,,,,,,,,,,,,,,,,,,,
,,,,,,,,,,,,,,,,,,,,,,,,,
,,,,,,,,,,,,,,,,,,,,,,,,,
,,,,,,,,,,,,,,,,,,,,,,,,,
,,,,,,,,,,,,,,,,,,,,,,,,,
,,,,,,,,,,,,,,,,,,,,,,,,,
,,,,,,,,,,,,,,,,,,,,,,,,,
,,,,,,,,,,,,,,,,,,,,,,,,,
,,,,,,,,,,,,,,,,,,,,,,,,,
,,,,,,,,,,,,,,,,,,,,,,,,,
,,,,,,,,,,,,,,,,,,,,,,,,,
,,,,,,,,,,,,,,,,,,,,,,,,,
,,,,,,,,,,,,,,,,,,,,,,,,,
,,,,,,,,,,,,,,,,,,,,,,,,,
,,,,,,,,,,,,,,,,,,,,,,,,,
,,,,,,,,,,,,,,,,,,,,,,,,,
,,,,,,,,,,,,,,,,,,,,,,,,,
,,,,,,,,,,,,,,,,,,,,,,,,,
,,,,,,,,,,,,,,,,,,,,,,,,,
,,,,,,,,,,,,,,,,,,,,,,,,,
,,,,,,,,,,,,,,,,,,,,,,,,,
,,,,,,,,,,,,,,,,,,,,,,,,,
,,,,,,,,,,,,,,,,,,,,,,,,,
,,,,,,,,,,,,,,,,,,,,,,,,,
,,,,,,,,,,,,,,,,,,,,,,,,,
,,,,,,,,,,,,,,,,,,,,,,,,,
,,,,,,,,,,,,,,,,,,,,,,,,,
,,,,,,,,,,,,,,,,,,,,,,,,,
,,,,,,,,,,,,,,,,,,,,,,,,,
,,,,,,,,,,,,,,,,,,,,,,,,,
,,,,,,,,,,,,,,,,,,,,,,,,,
,,,,,,,,,,,,,,,,,,,,,,,,,
,,,,,,,,,,,,,,,,,,,,,,,,,
,,,,,,,,,,,,,,,,,,,,,,,,,
,,,,,,,,,,,,,,,,,,,,,,,,,
,,,,,,,,,,,,,,,,,,,,,,,,,
,,,,,,,,,,,,,,,,,,,,,,,,,
,,,,,,,,,,,,,,,,,,,,,,,,,
,,,,,,,,,,,,,,,,,,,,,,,,,
,,,,,,,,,,,,,,,,,,,,,,,,,
,,,,,,,,,,,,,,,,,,,,,,,,,
,,,,,,,,,,,,,,,,,,,,,,,,,
,,,,,,,,,,,,,,,,,,,,,,,,,
,,,,,,,,,,,,,,,,,,,,,,,,,
,,,,,,,,,,,,,,,,,,,,,,,,,
,,,,,,,,,,,,,,,,,,,,,,,,,
,,,,,,,,,,,,,,,,,,,,,,,,,
,,,,,,,,,,,,,,,,,,,,,,,,,
,,,,,,,,,,,,,,,,,,,,,,,,,
,,,,,,,,,,,,,,,,,,,,,,,,,
,,,,,,,,,,,,,,,,,,,,,,,,,
,,,,,,,,,,,,,,,,,,,,,,,,,
,,,,,,,,,,,,,,,,,,,,,,,,,
,,,,,,,,,,,,,,,,,,,,,,,,,
,,,,,,,,,,,,,,,,,,,,,,,,,
,,,,,,,,,,,,,,,,,,,,,,,,,
,,,,,,,,,,,,,,,,,,,,,,,,,
,,,,,,,,,,,,,,,,,,,,,,,,,
,,,,,,,,,,,,,,,,,,,,,,,,,
,,,,,,,,,,,,,,,,,,,,,,,,,
,,,,,,,,,,,,,,,,,,,,,,,,,
,,,,,,,,,,,,,,,,,,,,,,,,,
,,,,,,,,,,,,,,,,,,,,,,,,,
,,,,,,,,,,,,,,,,,,,,,,,,,
,,,,,,,,,,,,,,,,,,,,,,,,,
,,,,,,,,,,,,,,,,,,,,,,,,,
,,,,,,,,,,,,,,,,,,,,,,,,,
,,,,,,,,,,,,,,,,,,,,,,,,,
,,,,,,,,,,,,,,,,,,,,,,,,,
,,,,,,,,,,,,,,,,,,,,,,,,,
,,,,,,,,,,,,,,,,,,,,,,,,,
,,,,,,,,,,,,,,,,,,,,,,,,,
,,,,,,,,,,,,,,,,,,,,,,,,,
,,,,,,,,,,,,,,,,,,,,,,,,,
,,,,,,,,,,,,,,,,,,,,,,,,,
,,,,,,,,,,,,,,,,,,,,,,,,,
,,,,,,,,,,,,,,,,,,,,,,,,,
,,,,,,,,,,,,,,,,,,,,,,,,,
,,,,,,,,,,,,,,,,,,,,,,,,,
,,,,,,,,,,,,,,,,,,,,,,,,,
,,,,,,,,,,,,,,,,,,,,,,,,,
,,,,,,,,,,,,,,,,,,,,,,,,,
,,,,,,,,,,,,,,,,,,,,,,,,,
,,,,,,,,,,,,,,,,,,,,,,,,,
,,,,,,,,,,,,,,,,,,,,,,,,,
,,,,,,,,,,,,,,,,,,,,,,,,,
,,,,,,,,,,,,,,,,,,,,,,,,,
,,,,,,,,,,,,,,,,,,,,,,,,,
,,,,,,,,,,,,,,,,,,,,,,,,,
,,,,,,,,,,,,,,,,,,,,,,,,,
,,,,,,,,,,,,,,,,,,,,,,,,,
,,,,,,,,,,,,,,,,,,,,,,,,,
,,,,,,,,,,,,,,,,,,,,,,,,,
,,,,,,,,,,,,,,,,,,,,,,,,,
,,,,,,,,,,,,,,,,,,,,,,,,,
,,,,,,,,,,,,,,,,,,,,,,,,,
,,,,,,,,,,,,,,,,,,,,,,,,,
,,,,,,,,,,,,,,,,,,,,,,,,,
,,,,,,,,,,,,,,,,,,,,,,,,,
,,,,,,,,,,,,,,,,,,,,,,,,,
,,,,,,,,,,,,,,,,,,,,,,,,,
,,,,,,,,,,,,,,,,,,,,,,,,,
,,,,,,,,,,,,,,,,,,,,,,,,,
,,,,,,,,,,,,,,,,,,,,,,,,,
,,,,,,,,,,,,,,,,,,,,,,,,,
,,,,,,,,,,,,,,,,,,,,,,,,,
,,,,,,,,,,,,,,,,,,,,,,,,,
,,,,,,,,,,,,,,,,,,,,,,,,,
,,,,,,,,,,,,,,,,,,,,,,,,,
,,,,,,,,,,,,,,,,,,,,,,,,,
,,,,,,,,,,,,,,,,,,,,,,,,,
,,,,,,,,,,,,,,,,,,,,,,,,,
,,,,,,,,,,,,,,,,,,,,,,,,,
,,,,,,,,,,,,,,,,,,,,,,,,,
,,,,,,,,,,,,,,,,,,,,,,,,,
,,,,,,,,,,,,,,,,,,,,,,,,,
,,,,,,,,,,,,,,,,,,,,,,,,,
,,,,,,,,,,,,,,,,,,,,,,,,,
,,,,,,,,,,,,,,,,,,,,,,,,,
,,,,,,,,,,,,,,,,,,,,,,,,,
,,,,,,,,,,,,,,,,,,,,,,,,,
,,,,,,,,,,,,,,,,,,,,,,,,,
,,,,,,,,,,,,,,,,,,,,,,,,,
,,,,,,,,,,,,,,,,,,,,,,,,,
,,,,,,,,,,,,,,,,,,,,,,,,,
,,,,,,,,,,,,,,,,,,,,,,,,,
,,,,,,,,,,,,,,,,,,,,,,,,,
,,,,,,,,,,,,,,,,,,,,,,,,,
,,,,,,,,,,,,,,,,,,,,,,,,,
,,,,,,,,,,,,,,,,,,,,,,,,,
,,,,,,,,,,,,,,,,,,,,,,,,,
,,,,,,,,,,,,,,,,,,,,,,,,,
,,,,,,,,,,,,,,,,,,,,,,,,,
,,,,,,,,,,,,,,,,,,,,,,,,,
,,,,,,,,,,,,,,,,,,,,,,,,,
,,,,,,,,,,,,,,,,,,,,,,,,,
,,,,,,,,,,,,,,,,,,,,,,,,,
,,,,,,,,,,,,,,,,,,,,,,,,,
,,,,,,,,,,,,,,,,,,,,,,,,,
,,,,,,,,,,,,,,,,,,,,,,,,,
,,,,,,,,,,,,,,,,,,,,,,,,,
,,,,,,,,,,,,,,,,,,,,,,,,,
,,,,,,,,,,,,,,,,,,,,,,,,,
,,,,,,,,,,,,,,,,,,,,,,,,,
,,,,,,,,,,,,,,,,,,,,,,,,,
,,,,,,,,,,,,,,,,,,,,,,,,,
,,,,,,,,,,,,,,,,,,,,,,,,,
,,,,,,,,,,,,,,,,,,,,,,,,,
,,,,,,,,,,,,,,,,,,,,,,,,,
,,,,,,,,,,,,,,,,,,,,,,,,,
,,,,,,,,,,,,,,,,,,,,,,,,,
,,,,,,,,,,,,,,,,,,,,,,,,,
,,,,,,,,,,,,,,,,,,,,,,,,,
,,,,,,,,,,,,,,,,,,,,,,,,,
,,,,,,,,,,,,,,,,,,,,,,,,,
,,,,,,,,,,,,,,,,,,,,,,,,,
,,,,,,,,,,,,,,,,,,,,,,,,,
,,,,,,,,,,,,,,,,,,,,,,,,,
,,,,,,,,,,,,,,,,,,,,,,,,,
,,,,,,,,,,,,,,,,,,,,,,,,,
,,,,,,,,,,,,,,,,,,,,,,,,,
,,,,,,,,,,,,,,,,,,,,,,,,,
,,,,,,,,,,,,,,,,,,,,,,,,,
,,,,,,,,,,,,,,,,,,,,,,,,,
,,,,,,,,,,,,,,,,,,,,,,,,,
,,,,,,,,,,,,,,,,,,,,,,,,,
,,,,,,,,,,,,,,,,,,,,,,,,,
,,,,,,,,,,,,,,,,,,,,,,,,,
,,,,,,,,,,,,,,,,,,,,,,,,,
,,,,,,,,,,,,,,,,,,,,,,,,,
,,,,,,,,,,,,,,,,,,,,,,,,,
,,,,,,,,,,,,,,,,,,,,,,,,,
,,,,,,,,,,,,,,,,,,,,,,,,,
,,,,,,,,,,,,,,,,,,,,,,,,,
,,,,,,,,,,,,,,,,,,,,,,,,,
,,,,,,,,,,,,,,,,,,,,,,,,,
,,,,,,,,,,,,,,,,,,,,,,,,,
,,,,,,,,,,,,,,,,,,,,,,,,,
,,,,,,,,,,,,,,,,,,,,,,,,,
,,,,,,,,,,,,,,,,,,,,,,,,,
,,,,,,,,,,,,,,,,,,,,,,,,,
,,,,,,,,,,,,,,,,,,,,,,,,,
,,,,,,,,,,,,,,,,,,,,,,,,,
,,,,,,,,,,,,,,,,,,,,,,,,,
,,,,,,,,,,,,,,,,,,,,,,,,,
,,,,,,,,,,,,,,,,,,,,,,,,,
,,,,,,,,,,,,,,,,,,,,,,,,,
,,,,,,,,,,,,,,,,,,,,,,,,,
,,,,,,,,,,,,,,,,,,,,,,,,,
,,,,,,,,,,,,,,,,,,,,,,,,,
,,,,,,,,,,,,,,,,,,,,,,,,,
,,,,,,,,,,,,,,,,,,,,,,,,,
,,,,,,,,,,,,,,,,,,,,,,,,,
,,,,,,,,,,,,,,,,,,,,,,,,,
,,,,,,,,,,,,,,,,,,,,,,,,,
,,,,,,,,,,,,,,,,,,,,,,,,,
,,,,,,,,,,,,,,,,,,,,,,,,,
,,,,,,,,,,,,,,,,,,,,,,,,,
,,,,,,,,,,,,,,,,,,,,,,,,,
,,,,,,,,,,,,,,,,,,,,,,,,,
,,,,,,,,,,,,,,,,,,,,,,,,,
,,,,,,,,,,,,,,,,,,,,,,,,,
,,,,,,,,,,,,,,,,,,,,,,,,,
,,,,,,,,,,,,,,,,,,,,,,,,,
,,,,,,,,,,,,,,,,,,,,,,,,,
,,,,,,,,,,,,,,,,,,,,,,,,,
,,,,,,,,,,,,,,,,,,,,,,,,,
,,,,,,,,,,,,,,,,,,,,,,,,,
,,,,,,,,,,,,,,,,,,,,,,,,,
,,,,,,,,,,,,,,,,,,,,,,,,,
,,,,,,,,,,,,,,,,,,,,,,,,,
,,,,,,,,,,,,,,,,,,,,,,,,,
,,,,,,,,,,,,,,,,,,,,,,,,,
,,,,,,,,,,,,,,,,,,,,,,,,,
,,,,,,,,,,,,,,,,,,,,,,,,,
,,,,,,,,,,,,,,,,,,,,,,,,,
,,,,,,,,,,,,,,,,,,,,,,,,,
,,,,,,,,,,,,,,,,,,,,,,,,,
,,,,,,,,,,,,,,,,,,,,,,,,,
,,,,,,,,,,,,,,,,,,,,,,,,,
,,,,,,,,,,,,,,,,,,,,,,,,,
,,,,,,,,,,,,,,,,,,,,,,,,,
,,,,,,,,,,,,,,,,,,,,,,,,,
,,,,,,,,,,,,,,,,,,,,,,,,,
,,,,,,,,,,,,,,,,,,,,,,,,,
,,,,,,,,,,,,,,,,,,,,,,,,,
,,,,,,,,,,,,,,,,,,,,,,,,,
,,,,,,,,,,,,,,,,,,,,,,,,,
,,,,,,,,,,,,,,,,,,,,,,,,,
,,,,,,,,,,,,,,,,,,,,,,,,,
,,,,,,,,,,,,,,,,,,,,,,,,,
,,,,,,,,,,,,,,,,,,,,,,,,,
,,,,,,,,,,,,,,,,,,,,,,,,,
,,,,,,,,,,,,,,,,,,,,,,,,,
,,,,,,,,,,,,,,,,,,,,,,,,,
,,,,,,,,,,,,,,,,,,,,,,,,,
,,,,,,,,,,,,,,,,,,,,,,,,,
,,,,,,,,,,,,,,,,,,,,,,,,,
,,,,,,,,,,,,,,,,,,,,,,,,,
,,,,,,,,,,,,,,,,,,,,,,,,,
,,,,,,,,,,,,,,,,,,,,,,,,,
,,,,,,,,,,,,,,,,,,,,,,,,,
,,,,,,,,,,,,,,,,,,,,,,,,,
,,,,,,,,,,,,,,,,,,,,,,,,,
,,,,,,,,,,,,,,,,,,,,,,,,,
,,,,,,,,,,,,,,,,,,,,,,,,,
,,,,,,,,,,,,,,,,,,,,,,,,,
,,,,,,,,,,,,,,,,,,,,,,,,,
,,,,,,,,,,,,,,,,,,,,,,,,,
,,,,,,,,,,,,,,,,,,,,,,,,,
,,,,,,,,,,,,,,,,,,,,,,,,,
,,,,,,,,,,,,,,,,,,,,,,,,,
,,,,,,,,,,,,,,,,,,,,,,,,,
,,,,,,,,,,,,,,,,,,,,,,,,,
,,,,,,,,,,,,,,,,,,,,,,,,,
,,,,,,,,,,,,,,,,,,,,,,,,,
,,,,,,,,,,,,,,,,,,,,,,,,,
,,,,,,,,,,,,,,,,,,,,,,,,,
,,,,,,,,,,,,,,,,,,,,,,,,,
,,,,,,,,,,,,,,,,,,,,,,,,,
,,,,,,,,,,,,,,,,,,,,,,,,,
,,,,,,,,,,,,,,,,,,,,,,,,,
,,,,,,,,,,,,,,,,,,,,,,,,,
,,,,,,,,,,,,,,,,,,,,,,,,,
,,,,,,,,,,,,,,,,,,,,,,,,,
,,,,,,,,,,,,,,,,,,,,,,,,,
,,,,,,,,,,,,,,,,,,,,,,,,,
,,,,,,,,,,,,,,,,,,,,,,,,,
,,,,,,,,,,,,,,,,,,,,,,,,,
,,,,,,,,,,,,,,,,,,,,,,,,,
,,,,,,,,,,,,,,,,,,,,,,,,,
,,,,,,,,,,,,,,,,,,,,,,,,,
,,,,,,,,,,,,,,,,,,,,,,,,,
,,,,,,,,,,,,,,,,,,,,,,,,,
,,,,,,,,,,,,,,,,,,,,,,,,,
,,,,,,,,,,,,,,,,,,,,,,,,,
,,,,,,,,,,,,,,,,,,,,,,,,,
,,,,,,,,,,,,,,,,,,,,,,,,,
,,,,,,,,,,,,,,,,,,,,,,,,,
,,,,,,,,,,,,,,,,,,,,,,,,,
,,,,,,,,,,,,,,,,,,,,,,,,,
,,,,,,,,,,,,,,,,,,,,,,,,,
,,,,,,,,,,,,,,,,,,,,,,,,,
,,,,,,,,,,,,,,,,,,,,,,,,,
,,,,,,,,,,,,,,,,,,,,,,,,,
,,,,,,,,,,,,,,,,,,,,,,,,,
,,,,,,,,,,,,,,,,,,,,,,,,,
,,,,,,,,,,,,,,,,,,,,,,,,,
,,,,,,,,,,,,,,,,,,,,,,,,,
,,,,,,,,,,,,,,,,,,,,,,,,,
,,,,,,,,,,,,,,,,,,,,,,,,,
,,,,,,,,,,,,,,,,,,,,,,,,,
,,,,,,,,,,,,,,,,,,,,,,,,,
,,,,,,,,,,,,,,,,,,,,,,,,,
,,,,,,,,,,,,,,,,,,,,,,,,,
,,,,,,,,,,,,,,,,,,,,,,,,,
,,,,,,,,,,,,,,,,,,,,,,,,,
,,,,,,,,,,,,,,,,,,,,,,,,,
,,,,,,,,,,,,,,,,,,,,,,,,,
,,,,,,,,,,,,,,,,,,,,,,,,,
,,,,,,,,,,,,,,,,,,,,,,,,,
,,,,,,,,,,,,,,,,,,,,,,,,,
,,,,,,,,,,,,,,,,,,,,,,,,,
,,,,,,,,,,,,,,,,,,,,,,,,,
,,,,,,,,,,,,,,,,,,,,,,,,,
,,,,,,,,,,,,,,,,,,,,,,,,,
,,,,,,,,,,,,,,,,,,,,,,,,,
,,,,,,,,,,,,,,,,,,,,,,,,,
,,,,,,,,,,,,,,,,,,,,,,,,,
,,,,,,,,,,,,,,,,,,,,,,,,,
,,,,,,,,,,,,,,,,,,,,,,,,,
,,,,,,,,,,,,,,,,,,,,,,,,,
,,,,,,,,,,,,,,,,,,,,,,,,,
,,,,,,,,,,,,,,,,,,,,,,,,,
,,,,,,,,,,,,,,,,,,,,,,,,,
,,,,,,,,,,,,,,,,,,,,,,,,,
,,,,,,,,,,,,,,,,,,,,,,,,,
,,,,,,,,,,,,,,,,,,,,,,,,,
,,,,,,,,,,,,,,,,,,,,,,,,,
,,,,,,,,,,,,,,,,,,,,,,,,,
,,,,,,,,,,,,,,,,,,,,,,,,,
,,,,,,,,,,,,,,,,,,,,,,,,,
,,,,,,,,,,,,,,,,,,,,,,,,,
,,,,,,,,,,,,,,,,,,,,,,,,,
,,,,,,,,,,,,,,,,,,,,,,,,,
,,,,,,,,,,,,,,,,,,,,,,,,,
,,,,,,,,,,,,,,,,,,,,,,,,,
,,,,,,,,,,,,,,,,,,,,,,,,,
,,,,,,,,,,,,,,,,,,,,,,,,,
,,,,,,,,,,,,,,,,,,,,,,,,,
,,,,,,,,,,,,,,,,,,,,,,,,,
,,,,,,,,,,,,,,,,,,,,,,,,,
,,,,,,,,,,,,,,,,,,,,,,,,,
,,,,,,,,,,,,,,,,,,,,,,,,,
,,,,,,,,,,,,,,,,,,,,,,,,,
,,,,,,,,,,,,,,,,,,,,,,,,,
,,,,,,,,,,,,,,,,,,,,,,,,,
,,,,,,,,,,,,,,,,,,,,,,,,,
,,,,,,,,,,,,,,,,,,,,,,,,,
,,,,,,,,,,,,,,,,,,,,,,,,,
,,,,,,,,,,,,,,,,,,,,,,,,,
,,,,,,,,,,,,,,,,,,,,,,,,,
,,,,,,,,,,,,,,,,,,,,,,,,,
,,,,,,,,,,,,,,,,,,,,,,,,,
,,,,,,,,,,,,,,,,,,,,,,,,,
